Time (s),Ay (m/s²),Fᵧ (N)
0.004999999888241291,9.817968368530273,0.3096306324005127
0.009999999776482582,9.801148414611816,0.305036723613739
0.014999999664723873,9.7658109664917,0.305036723613739
0.019999999552965164,9.796219825744629,0.305036723613739
0.02500000037252903,9.767170906066895,0.305036723613739
0.029999999329447746,9.801451683044434,0.305036723613739
0.03500000014901161,9.793684005737305,0.305036723613739
0.03999999910593033,9.77377986907959,0.3004428446292877
0.04500000178813934,9.754075050354004,0.29125502705574036
0.05000000074505806,9.772619247436523,0.29584893584251404
0.054999999701976776,9.814705848693848,0.305036723613739
0.05999999865889549,9.810215950012207,0.30044281482696533
0.06499999761581421,9.790792465209961,0.305036723613739
0.07000000029802322,9.77593994140625,0.30044281482696533
0.07500000298023224,9.808948516845703,0.29584893584251404
0.07999999821186066,9.791967391967773,0.3004428446292877
0.08500000089406967,9.76381778717041,0.3004428446292877
0.09000000357627869,9.792552947998047,0.305036723613739
0.0949999988079071,9.762808799743652,0.29125502705574036
0.10000000149011612,9.753543853759766,0.2866611182689667
0.10499999672174454,9.783097267150879,0.29125502705574036
0.10999999940395355,9.797597885131836,0.29584893584251404
0.11500000208616257,9.79076862335205,0.3096306324005127
0.11999999731779099,9.797950744628906,0.314224511384964
0.125,9.797195434570312,0.32800623774528503
0.12999999523162842,9.786907196044922,0.33719402551651
0.13500000536441803,9.843887329101562,0.3417879045009613
0.14000000059604645,9.821830749511719,0.346381813287735
0.14499999582767487,9.829694747924805,0.346381813287735
0.15000000596046448,9.826432228088379,0.3417879045009613
0.1550000011920929,9.802123069763184,0.33719402551651
0.1599999964237213,9.804513931274414,0.32800623774528503
0.16500000655651093,9.7670259475708,0.31881844997406006
0.17000000178813934,9.758963584899902,0.305036723613739
0.17499999701976776,9.78139591217041,0.305036723613739
0.18000000715255737,9.755111694335938,0.2866611182689667
0.1850000023841858,9.753387451171875,0.272879421710968
0.1899999976158142,9.76765251159668,0.272879421710968
0.19499999284744263,9.8040189743042,0.272879421710968
0.20000000298023224,9.768060684204102,0.2866611182689667
0.20499999821186066,9.782039642333984,0.2866611182689667
0.20999999344348907,9.811193466186523,0.2866611182689667
0.2150000035762787,9.74482250213623,0.3004428446292877
0.2199999988079071,9.750639915466309,0.3004428446292877
0.22499999403953552,9.769709587097168,0.305036723613739
0.23000000417232513,9.85891342163086,0.32800623774528503
0.23499999940395355,9.854005813598633,0.3417879045009613
0.23999999463558197,9.758946418762207,0.3417879045009613
0.24500000476837158,9.684483528137207,0.33719402551651
0.25,9.711334228515625,0.3417879045009613
0.2549999952316284,9.846067428588867,0.35556963086128235
0.25999999046325684,9.91063404083252,0.3647574186325073
0.26499998569488525,9.769563674926758,0.3647574186325073
0.27000001072883606,9.66433334350586,0.346381813287735
0.2750000059604645,9.731513023376465,0.346381813287735
0.2800000011920929,9.834461212158203,0.36475738883018494
0.2849999964237213,9.82926082611084,0.3693512976169586
0.28999999165534973,9.770636558532715,0.3693512976169586
0.29499998688697815,9.693270683288574,0.36016350984573364
0.30000001192092896,9.773162841796875,0.3463817834854126
0.3050000071525574,9.887197494506836,0.3647574186325073
0.3100000023841858,9.898796081542969,0.378539115190506
0.3149999976158142,9.822454452514648,0.3739452064037323
0.3199999928474426,9.73546028137207,0.36016350984573364
0.32499998807907104,9.734455108642578,0.35097572207450867
0.33000001311302185,9.814642906188965,0.36475738883018494
0.33500000834465027,9.928194046020508,0.3739452064037323
0.3400000035762787,9.878003120422363,0.3739452064037323
0.3449999988079071,9.798415184020996,0.36016348004341125
0.3499999940395355,9.730934143066406,0.346381813287735
0.35499998927116394,9.792790412902832,0.3417879045009613
0.36000001430511475,9.831130027770996,0.3417879045009613
0.36500000953674316,9.807487487792969,0.3417879045009613
0.3700000047683716,9.805999755859375,0.32800623774528503
0.375,9.813090324401855,0.32341232895851135
0.3799999952316284,9.811750411987305,0.33260011672973633
0.38499999046325684,9.775459289550781,0.32341232895851135
0.38999998569488525,9.782510757446289,0.32341232895851135
0.39500001072883606,9.801961898803711,0.32341232895851135
0.4000000059604645,9.8306303024292,0.32800620794296265
0.4050000011920929,9.797039985656738,0.33719402551651
0.4099999964237213,9.797450065612793,0.32800623774528503
0.41499999165534973,9.760516166687012,0.31881842017173767
0.41999998688697815,9.81087875366211,0.314224511384964
0.42500001192092896,9.826295852661133,0.314224511384964
0.4300000071525574,9.769962310791016,0.305036723613739
0.4350000023841858,9.744017601013184,0.2866611182689667
0.4399999976158142,9.734679222106934,0.26828551292419434
0.4449999928474426,9.797082901000977,0.25909772515296936
0.44999998807907104,9.756913185119629,0.2453160285949707
0.45500001311302185,9.735870361328125,0.24072213470935822
0.46000000834465027,9.746591567993164,0.23153433203697205
0.4650000035762787,9.735747337341309,0.23153433203697205
0.4699999988079071,9.77807331085205,0.24072213470935822
0.4749999940395355,9.789103507995605,0.2499099224805832
0.47999998927116394,9.769082069396973,0.2453160285949707
0.48500001430511475,9.771947860717773,0.2545038163661957
0.49000000953674316,9.80981731414795,0.26828551292419434
0.4950000047683716,9.832942008972168,0.26369160413742065
0.5,9.809245109558105,0.27287939190864563
0.5049999952316284,9.80378246307373,0.26369160413742065
0.5099999904632568,9.800403594970703,0.26369160413742065
0.5149999856948853,9.820134162902832,0.26828551292419434
0.5199999809265137,9.831058502197266,0.25909772515296936
0.5249999761581421,9.811274528503418,0.2545038163661957
0.5299999713897705,9.808751106262207,0.2545038163661957
0.5350000262260437,9.79902172088623,0.2453160285949707
0.5400000214576721,9.781488418579102,0.2453160285949707
0.5450000166893005,9.745543479919434,0.23612822592258453
0.550000011920929,9.77281665802002,0.24072211980819702
0.5550000071525574,9.813994407653809,0.2453160285949707
0.5600000023841858,9.841532707214355,0.26369163393974304
0.5649999976158142,9.82809066772461,0.26369160413742065
0.5699999928474426,9.782423973083496,0.26828551292419434
0.574999988079071,9.797375679016113,0.26369160413742065
0.5799999833106995,9.830889701843262,0.26828551292419434
0.5849999785423279,9.819732666015625,0.26828551292419434
0.5899999737739563,9.796561241149902,0.2545038163661957
0.5950000286102295,9.792853355407715,0.2499099224805832
0.6000000238418579,9.769208908081055,0.2499099224805832
0.6050000190734863,9.772987365722656,0.24072213470935822
0.6100000143051147,9.779719352722168,0.23153431713581085
0.6150000095367432,9.768494606018066,0.23153431713581085
0.6200000047683716,9.753159523010254,0.2177526205778122
0.625,9.729612350463867,0.2177526205778122
0.6299999952316284,9.752184867858887,0.2177526354789734
0.6349999904632568,9.776677131652832,0.22694042325019836
0.6399999856948853,9.7872314453125,0.23153433203697205
0.6449999809265137,9.80529499053955,0.23612822592258453
0.6499999761581421,9.794171333312988,0.23612824082374573
0.6549999713897705,9.76577377319336,0.2453160285949707
0.6600000262260437,9.767195701599121,0.2453160285949707
0.6650000214576721,9.78266716003418,0.2499099224805832
0.6700000166893005,9.797606468200684,0.2499099224805832
0.675000011920929,9.797277450561523,0.2545038163661957
0.6800000071525574,9.795076370239258,0.2545038163661957
0.6850000023841858,9.778705596923828,0.25909772515296936
0.6899999976158142,9.811100959777832,0.2545038163661957
0.6949999928474426,9.844511985778809,0.26828551292419434
0.699999988079071,9.82469367980957,0.26828551292419434
0.7049999833106995,9.78830337524414,0.26828551292419434
0.7099999785423279,9.7743501663208,0.26828551292419434
0.7149999737739563,9.820798873901367,0.272879421710968
0.7200000286102295,9.80030632019043,0.2774733006954193
0.7250000238418579,9.798750877380371,0.2866611182689667
0.7300000190734863,9.758757591247559,0.2774733006954193
0.7350000143051147,9.771653175354004,0.272879421710968
0.7400000095367432,9.795904159545898,0.282067209482193
0.7450000047683716,9.815296173095703,0.2866611182689667
0.75,9.797598838806152,0.2866611182689667
0.7549999952316284,9.77822494506836,0.2774733006954193
0.7599999904632568,9.798233985900879,0.2866611182689667
0.7649999856948853,9.777217864990234,0.2866611182689667
0.7699999809265137,9.795848846435547,0.29125502705574036
0.7749999761581421,9.80298137664795,0.29125502705574036
0.7799999713897705,9.802511215209961,0.30044281482696533
0.7850000262260437,9.8014497756958,0.305036723613739
0.7900000214576721,9.780281066894531,0.3096306324005127
0.7950000166893005,9.7761812210083,0.314224511384964
0.800000011920929,9.792981147766113,0.31881842017173767
0.8050000071525574,9.787840843200684,0.32341232895851135
0.8100000023841858,9.783573150634766,0.32800620794296265
0.8149999976158142,9.791261672973633,0.32800620794296265
0.8199999928474426,9.766230583190918,0.33719402551651
0.824999988079071,9.796201705932617,0.32800620794296265
0.8299999833106995,9.7886381149292,0.32800620794296265
0.8349999785423279,9.816848754882812,0.33260011672973633
0.8399999737739563,9.775042533874512,0.32800620794296265
0.8450000286102295,9.79206371307373,0.33260011672973633
0.8500000238418579,9.81202220916748,0.33719402551651
0.8550000190734863,9.813833236694336,0.33719402551651
0.8600000143051147,9.829399108886719,0.3417879045009613
0.8650000095367432,9.805586814880371,0.33719402551651
0.8700000047683716,9.771958351135254,0.31881842017173767
0.875,9.772146224975586,0.32341232895851135
0.8799999952316284,9.786413192749023,0.33719402551651
0.8849999904632568,9.803555488586426,0.33719402551651
0.8899999856948853,9.761293411254883,0.33260011672973633
0.8949999809265137,9.746674537658691,0.33260011672973633
0.8999999761581421,9.780322074890137,0.32800623774528503
0.9049999713897705,9.790083885192871,0.32800623774528503
0.9100000262260437,9.79995346069336,0.33719402551651
0.9150000214576721,9.778600692749023,0.3417879045009613
0.9200000166893005,9.787168502807617,0.3417879045009613
0.925000011920929,9.804886817932129,0.3417879045009613
0.9300000071525574,9.77905559539795,0.33719402551651
0.9350000023841858,9.795417785644531,0.33719402551651
0.9399999976158142,9.785478591918945,0.3417879045009613
0.9449999928474426,9.815590858459473,0.3417879045009613
0.949999988079071,9.802172660827637,0.346381813287735
0.9549999833106995,9.809765815734863,0.346381813287735
0.9599999785423279,9.798064231872559,0.35097572207450867
0.9649999737739563,9.763789176940918,0.3417879045009613
0.9700000286102295,9.794745445251465,0.3463817834854126
0.9750000238418579,9.83555793762207,0.35556960105895996
0.9800000190734863,9.786713600158691,0.346381813287735
0.9850000143051147,9.782876968383789,0.3417879045009613
0.9900000095367432,9.80504322052002,0.3509756922721863
0.9950000047683716,9.801499366760254,0.3463817834854126
1,9.82404899597168,0.3417879045009613
1.0049999952316284,9.794713973999023,0.3417879045009613
1.0099999904632568,9.78934383392334,0.3417879045009613
1.0149999856948853,9.810855865478516,0.33260011672973633
1.0199999809265137,9.800585746765137,0.33719402551651
1.024999976158142,9.80234432220459,0.32800620794296265
1.0299999713897705,9.796815872192383,0.314224511384964
1.034999966621399,9.797451972961426,0.3096306025981903
1.0399999618530273,9.807690620422363,0.305036723613739
1.0449999570846558,9.795441627502441,0.30044281482696533
1.0499999523162842,9.749507904052734,0.30044281482696533
1.0549999475479126,9.746970176696777,0.30044281482696533
1.059999942779541,9.797524452209473,0.305036723613739
1.065000057220459,9.803262710571289,0.305036723613739
1.0700000524520874,9.805280685424805,0.314224511384964
1.0750000476837158,9.78559684753418,0.314224511384964
1.0800000429153442,9.818929672241211,0.31881842017173767
1.0850000381469727,9.806448936462402,0.314224511384964
1.090000033378601,9.774225234985352,0.31881842017173767
1.0950000286102295,9.781914710998535,0.305036723613739
1.100000023841858,9.790936470031738,0.305036723613739
1.1050000190734863,9.792994499206543,0.3096306025981903
1.1100000143051147,9.788712501525879,0.305036723613739
1.1150000095367432,9.762272834777832,0.3096306324005127
1.1200000047683716,9.777223587036133,0.3096306324005127
1.125,9.823067665100098,0.3096306025981903
1.1299999952316284,9.794665336608887,0.31881842017173767
1.1349999904632568,9.7847318649292,0.314224511384964
1.1399999856948853,9.77843952178955,0.314224511384964
1.1449999809265137,9.794792175292969,0.3096306025981903
1.149999976158142,9.771539688110352,0.305036723613739
1.1549999713897705,9.794478416442871,0.3096306025981903
1.159999966621399,9.777507781982422,0.305036723613739
1.1649999618530273,9.813190460205078,0.305036723613739
1.1699999570846558,9.805486679077148,0.305036723613739
1.1749999523162842,9.781907081604004,0.29125499725341797
1.1799999475479126,9.812023162841797,0.29125499725341797
1.184999942779541,9.776725769042969,0.2866611182689667
1.190000057220459,9.763259887695312,0.2866611182689667
1.1950000524520874,9.775594711303711,0.2866611182689667
1.2000000476837158,9.78328800201416,0.2866611182689667
1.2050000429153442,9.77940559387207,0.282067209482193
1.2100000381469727,9.766739845275879,0.29125499725341797
1.215000033378601,9.779808044433594,0.29125502705574036
1.2200000286102295,9.804781913757324,0.29584890604019165
1.225000023841858,9.792753219604492,0.305036723613739
1.2300000190734863,9.805744171142578,0.3096306324005127
1.2350000143051147,9.854461669921875,0.314224511384964
1.2400000095367432,9.789510726928711,0.305036723613739
1.2450000047683716,9.80371379852295,0.30044281482696533
1.25,9.814621925354004,0.305036723613739
1.2549999952316284,9.831350326538086,0.305036723613739
1.2599999904632568,9.794759750366211,0.305036723613739
1.2649999856948853,9.79102611541748,0.29584890604019165
1.2699999809265137,9.77380657196045,0.2866611182689667
1.274999976158142,9.790151596069336,0.282067209482193
1.2799999713897705,9.80102252960205,0.282067209482193
1.284999966621399,9.802406311035156,0.2774733006954193
1.2899999618530273,9.766020774841309,0.26828551292419434
1.2949999570846558,9.773849487304688,0.27287939190864563
1.2999999523162842,9.774683952331543,0.26828551292419434
1.3049999475479126,9.7898530960083,0.25909772515296936
1.309999942779541,9.839447975158691,0.272879421710968
1.315000057220459,9.800930976867676,0.27287939190864563
1.3200000524520874,9.782759666442871,0.26828551292419434
1.3250000476837158,9.807433128356934,0.27287939190864563
1.3300000429153442,9.804683685302734,0.26828551292419434
1.3350000381469727,9.81942081451416,0.26828551292419434
1.340000033378601,9.796630859375,0.26828551292419434
1.3450000286102295,9.796606063842773,0.26828551292419434
1.350000023841858,9.824554443359375,0.25909772515296936
1.3550000190734863,9.801346778869629,0.2545038163661957
1.3600000143051147,9.781989097595215,0.2545038163661957
1.3650000095367432,9.779727935791016,0.2453160285949707
1.3700000047683716,9.802534103393555,0.2499099224805832
1.375,9.793831825256348,0.2499099224805832
1.3799999952316284,9.784512519836426,0.2499099224805832
1.3849999904632568,9.763406753540039,0.2499099224805832
1.3899999856948853,9.794541358947754,0.2545038163661957
1.3949999809265137,9.81137466430664,0.259097695350647
1.399999976158142,9.773534774780273,0.2499099224805832
1.4049999713897705,9.774201393127441,0.26828551292419434
1.409999966621399,9.774811744689941,0.26828551292419434
1.4149999618530273,9.823025703430176,0.26828551292419434
1.4199999570846558,9.82837200164795,0.26828551292419434
1.4249999523162842,9.81275463104248,0.26828551292419434
1.4299999475479126,9.79098129272461,0.2545038163661957
1.434999942779541,9.772710800170898,0.2499099224805832
1.440000057220459,9.785974502563477,0.23612822592258453
1.4450000524520874,9.771964073181152,0.23153433203697205
1.4500000476837158,9.7986421585083,0.22694042325019836
1.4550000429153442,9.800310134887695,0.22234652936458588
1.4600000381469727,9.770997047424316,0.2131587266921997
1.465000033378601,9.775507926940918,0.20856483280658722
1.4700000286102295,9.769380569458008,0.20856483280658722
1.475000023841858,9.827173233032227,0.2177526205778122
1.4800000190734863,9.800442695617676,0.20856483280658722
1.4850000143051147,9.795849800109863,0.2131587266921997
1.4900000095367432,9.742669105529785,0.2131587266921997
1.4950000047683716,9.777359008789062,0.20397092401981354
1.5,9.785750389099121,0.2131587266921997
1.5049999952316284,9.833413124084473,0.2131587266921997
1.5099999904632568,9.862523078918457,0.2177526205778122
1.5149999856948853,9.82143783569336,0.2131587266921997
1.5199999809265137,9.75676155090332,0.19937703013420105
1.524999976158142,9.782429695129395,0.19018924236297607
1.5299999713897705,9.795001029968262,0.1855953335762024
1.534999966621399,9.833979606628418,0.17640753090381622
1.5399999618530273,9.835867881774902,0.16721972823143005
1.5449999570846558,9.788548469543457,0.15803194046020508
1.5499999523162842,9.774908065795898,0.14425022900104523
1.5549999475479126,9.73889446258545,0.12587463855743408
1.559999942779541,9.775432586669922,0.12587463855743408
1.565000057220459,9.817888259887695,0.121280737221241
1.5700000524520874,9.80562973022461,0.11668683588504791
1.5750000476837158,9.78298568725586,0.10290513187646866
1.5800000429153442,9.7942476272583,0.0891234427690506
1.5850000381469727,9.789897918701172,0.07534173876047134
1.590000033378601,9.78872299194336,0.061560045927762985
1.5950000286102295,9.78905963897705,0.04777834936976433
1.600000023841858,9.761601448059082,0.03859055042266846
1.6050000190734863,9.748518943786621,0.029402749612927437
1.6100000143051147,9.788945198059082,0.029402749612927437
1.6150000095367432,9.823326110839844,0.03399664908647537
1.6200000047683716,9.784911155700684,0.0248088501393795
1.625,9.768257141113281,0.029402749612927437
1.6299999952316284,9.790885925292969,0.0248088501393795
1.6349999904632568,9.807433128356934,0.020214950665831566
1.6399999856948853,9.819940567016602,0.011027153581380844
1.6449999809265137,9.813828468322754,-0.002754545072093606
1.649999976158142,9.79715347290039,-0.01653624325990677
1.6549999713897705,9.817953109741211,-0.0395057387650013
1.659999966621399,9.812950134277344,-0.062475237995386124
1.6649999618530273,9.734760284423828,-0.08544473350048065
1.6699999570846558,9.710246086120605,-0.09922642260789871
1.6749999523162842,9.768156051635742,-0.11760202795267105
1.6799999475479126,9.833731651306152,-0.12678982317447662
1.684999942779541,9.799720764160156,-0.1313837170600891
1.690000057220459,9.7572603225708,-0.14516542851924896
1.6950000524520874,9.803910255432129,-0.14975932240486145
1.7000000476837158,9.800483703613281,-0.14975932240486145
1.7050000429153442,9.821377754211426,-0.15435323119163513
1.7100000381469727,9.771815299987793,-0.15894712507724762
1.715000033378601,9.837646484375,-0.1681349277496338
1.7200000286102295,9.795940399169922,-0.18191662430763245
1.725000023841858,9.803451538085938,-0.19110442698001862
1.7300000190734863,9.802902221679688,-0.20948001742362976
1.7350000143051147,9.799659729003906,-0.21407391130924225
1.7400000095367432,9.78585147857666,-0.2324495166540146
1.7450000047683716,9.83066177368164,-0.25082510709762573
1.75,9.877629280090332,-0.2692006826400757
1.7549999952316284,9.856553077697754,-0.2967641055583954
1.7599999904632568,9.82363224029541,-0.3289214074611664
1.7649999856948853,9.76608943939209,-0.3564848005771637
1.7699999809265137,9.766061782836914,-0.3886421024799347
1.774999976158142,9.77641487121582,-0.4116115868091583
1.7799999713897705,9.782185554504395,-0.42998719215393066
1.784999966621399,9.797646522521973,-0.4437688887119293
1.7899999618530273,9.778915405273438,-0.47133228182792664
1.7949999570846558,9.763594627380371,-0.49889567494392395
1.7999999523162842,9.781451225280762,-0.5126773715019226
1.8049999475479126,9.786802291870117,-0.5264590978622437
1.809999942779541,9.810517311096191,-0.5402407646179199
1.815000057220459,9.830977439880371,-0.554022490978241
1.8200000524520874,9.849357604980469,-0.5723980665206909
1.8250000476837158,9.860429763793945,-0.5907736420631409
1.8300000429153442,9.815364837646484,-0.6413065791130066
1.8350000381469727,9.779876708984375,-0.6780577898025513
1.840000033378601,9.693791389465332,-0.7194028496742249
1.8450000286102295,9.678905487060547,-0.7561540007591248
1.850000023841858,9.751579284667969,-0.7837174534797668
1.8550000190734863,9.785224914550781,-0.7974991798400879
1.8600000143051147,9.813253402709961,-0.7974991798400879
1.8650000095367432,9.803092956542969,-0.8204686641693115
1.8700000047683716,9.768413543701172,-0.834250271320343
1.875,9.718916893005371,-0.8526259064674377
1.8799999952316284,9.68095588684082,-0.8710015416145325
1.8849999904632568,9.743515968322754,-0.8572198152542114
1.8899999856948853,9.78385066986084,-0.8526259064674377
1.8949999809265137,9.84659481048584,-0.8434380888938904
1.899999976158142,9.860013008117676,-0.834250271320343
1.9049999713897705,9.894044876098633,-0.8526259064674377
1.909999966621399,9.873923301696777,-0.8801892995834351
1.9149999618530273,9.8483247756958,-0.9169405698776245
1.9199999570846558,9.817716598510742,-0.9720672965049744
1.9249999523162842,9.792204856872559,-1.013412356376648
1.9299999475479126,9.79405689239502,-1.0501635074615479
1.934999942779541,9.804465293884277,-1.0823209285736084
1.940000057220459,9.727344512939453,-1.1328537464141846
1.9450000524520874,9.710970878601074,-1.174198865890503
1.9500000476837158,9.756035804748535,-1.1925745010375977
1.9550000429153442,9.815319061279297,-1.2155441045761108
1.9600000381469727,9.844157218933105,-1.2339195013046265
1.965000033378601,9.881661415100098,-1.266076922416687
1.9700000286102295,9.90705680847168,-1.321203589439392
1.975000023841858,9.875889778137207,-1.4038938283920288
1.9800000190734863,9.761662483215332,-1.495771884918213
1.9850000143051147,9.685379981994629,-1.583055853843689
1.9900000095367432,9.675024032592773,-1.6565582752227783
1.9950000047683716,9.777368545532227,-1.6887155771255493
2,9.793243408203125,-1.7208728790283203
2.005000114440918,9.700861930847168,-1.739248514175415
2.009999990463257,9.673028945922852,-1.743842363357544
2.015000104904175,9.806102752685547,-1.7300606966018677
2.0199999809265137,9.934330940246582,-1.711685061454773
2.0250000953674316,10.026992797851562,-1.7024973630905151
2.0299999713897705,10.109749794006348,-1.7438424825668335
2.0350000858306885,10.033269882202148,-1.8265326023101807
2.0399999618530273,9.784523963928223,-1.9505678415298462
2.0450000762939453,9.680229187011719,-2.056227684020996
2.049999952316284,9.725130081176758,-2.1389176845550537
2.055000066757202,9.787346839904785,-2.184856653213501
2.059999942779541,9.803309440612793,-2.2307958602905273
2.065000057220459,9.796157836914062,-2.262953042984009
2.069999933242798,9.794414520263672,-2.2905163764953613
2.075000047683716,9.788066864013672,-2.304298162460327
2.0799999237060547,9.73430347442627,-2.322673797607422
2.0850000381469727,9.70310115814209,-2.313486099243164
2.0899999141693115,9.773039817810059,-2.304298162460327
2.0950000286102295,9.950793266296387,-2.2767345905303955
2.0999999046325684,10.167682647705078,-2.2675468921661377
2.1050000190734863,10.122220993041992,-2.299704074859619
2.109999895095825,9.922992706298828,-2.377800464630127
2.115000009536743,9.682927131652832,-2.501835823059082
2.119999885559082,9.68393611907959,-2.575338363647461
2.125,9.756246566772461,-2.6442465782165527
2.130000114440918,9.772225379943848,-2.694779634475708
2.134999990463257,9.83830451965332,-2.749906301498413
2.140000104904175,9.721953392028809,-2.7958455085754395
2.1449999809265137,9.625066757202148,-2.832596778869629
2.1500000953674316,9.657485008239746,-2.8601598739624023
2.1549999713897705,9.712780952453613,-2.8555660247802734
2.1600000858306885,9.672558784484863,-2.8555660247802734
2.1649999618530273,9.65323543548584,-2.8509721755981445
2.1700000762939453,9.703422546386719,-2.8417844772338867
2.174999952316284,9.71794319152832,-2.837190628051758
2.180000066757202,9.706809043884277,-2.823409080505371
2.184999942779541,9.70589828491211,-2.837190628051758
2.190000057220459,9.68752384185791,-2.8555660247802734
2.194999933242798,9.686286926269531,-2.878535509109497
2.200000047683716,9.70810604095459,-2.896911144256592
2.2049999237060547,9.72475814819336,-2.9198806285858154
2.2100000381469727,9.73049545288086,-2.93825626373291
2.2149999141693115,9.721911430358887,-2.956631898880005
2.2200000286102295,9.766602516174316,-2.9704134464263916
2.2249999046325684,9.791065216064453,-2.9979770183563232
2.2300000190734863,9.818281173706055,-3.01175856590271
2.234999895095825,9.838833808898926,-3.071479558944702
2.240000009536743,9.8355712890625,-3.144981861114502
2.244999885559082,9.751903533935547,-3.2322659492492676
2.25,9.65521240234375,-3.319550037384033
2.255000114440918,9.745985984802246,-3.4068338871002197
2.259999990463257,9.807086944580078,-3.4711484909057617
2.265000104904175,9.788378715515137,-3.521681547164917
2.2699999809265137,9.768967628479004,-3.5630264282226562
2.2750000953674316,9.712519645690918,-3.595184087753296
2.2799999713897705,9.521331787109375,-3.641122817993164
2.2850000858306885,9.729034423828125,-3.645716905593872
2.2899999618530273,9.81529426574707,-3.6089656352996826
2.2950000762939453,9.928553581237793,-3.572214365005493
2.299999952316284,9.959916114807129,-3.5538387298583984
2.305000066757202,9.897527694702148,-3.572214365005493
2.309999942779541,9.849010467529297,-3.595183849334717
2.315000057220459,9.901591300964355,-3.6135597229003906
2.319999933242798,9.92499828338623,-3.6181535720825195
2.325000047683716,9.914494514465332,-3.65490460395813
2.3299999237060547,9.832849502563477,-3.6824679374694824
2.3350000381469727,9.74721908569336,-3.705437660217285
2.3399999141693115,9.715728759765625,-3.723813056945801
2.3450000286102295,9.751368522644043,-3.7330007553100586
2.3499999046325684,9.79295539855957,-3.7375948429107666
2.3550000190734863,9.818028450012207,-3.7375948429107666
2.359999895095825,9.797134399414062,-3.7375948429107666
2.365000009536743,9.873906135559082,-3.7467825412750244
2.369999885559082,9.916231155395508,-3.7605643272399902
2.375,9.894896507263184,-3.7973153591156006
2.380000114440918,9.796297073364258,-3.8570361137390137
2.384999990463257,9.88222599029541,-3.9259445667266846
2.390000104904175,9.899116516113281,-3.9856653213500977
2.3949999809265137,9.873537063598633,-4.068355560302734
2.4000000953674316,9.801748275756836,-4.128076076507568
2.4049999713897705,9.889985084533691,-4.160233497619629
2.4100000858306885,9.840093612670898,-4.174015522003174
2.4149999618530273,9.664402961730957,-4.201578617095947
2.4200000762939453,9.568313598632812,-4.219954013824463
2.424999952316284,9.529833793640137,-4.233736038208008
2.430000066757202,9.763022422790527,-4.210766315460205
2.434999942779541,10.043112754821777,-4.160233497619629
2.440000057220459,10.064579963684082,-4.151045799255371
2.444999933242798,9.850500106811523,-4.1877970695495605
2.450000047683716,9.644143104553223,-4.2475175857543945
2.4549999237060547,9.724366188049316,-4.298050403594971
2.4600000381469727,9.849142074584961,-4.339395523071289
2.4649999141693115,9.871644973754883,-4.389928340911865
2.4700000286102295,9.86141586303711,-4.408304214477539
2.4749999046325684,9.921009063720703,-4.422085762023926
2.4800000190734863,10.12743091583252,-4.431273460388184
2.484999895095825,10.042977333068848,-4.422085762023926
2.490000009536743,9.738846778869629,-4.40371036529541
2.494999885559082,9.663216590881348,-4.394522666931152
2.5,9.548199653625488,-4.394522666931152
2.505000114440918,9.592300415039062,-4.385334491729736
2.509999990463257,9.668464660644531,-4.380740642547607
2.515000104904175,9.875377655029297,-4.389928340911865
2.5199999809265137,9.987128257751465,-4.44505500793457
2.5250000953674316,10.08015251159668,-4.4955878257751465
2.5299999713897705,10.29338550567627,-4.536933422088623
2.5350000858306885,10.61823844909668,-4.555308818817139
2.5399999618530273,10.71875286102295,-4.58287239074707
2.5450000762939453,10.738764762878418,-4.615029811859131
2.549999952316284,10.730865478515625,-4.61962366104126
2.555000066757202,10.72343921661377,-4.61962366104126
2.559999942779541,10.61080551147461,-4.610435485839844
2.565000057220459,10.448768615722656,-4.610435485839844
2.569999933242798,10.264067649841309,-4.601247787475586
2.575000047683716,10.206388473510742,-4.596653938293457
2.5799999237060547,10.206494331359863,-4.58287239074707
2.5850000381469727,10.151266098022461,-4.569090843200684
2.5899999141693115,10.047645568847656,-4.55071496963501
2.5950000286102295,10.105839729309082,-4.532339572906494
2.5999999046325684,10.019291877746582,-4.527745723724365
2.6050000190734863,10.023222923278809,-4.536933422088623
2.609999895095825,10.054940223693848,-4.546121120452881
2.615000009536743,10.051864624023438,-4.546121120452881
2.619999885559082,10.090949058532715,-4.559902667999268
2.625,10.100991249084473,-4.5644965171813965
2.630000114440918,10.107168197631836,-4.559902667999268
2.634999990463257,10.17044448852539,-4.569090366363525
2.640000104904175,10.15213394165039,-4.569090366363525
2.6449999809265137,10.22042179107666,-4.5736846923828125
2.6500000953674316,10.437396049499512,-4.578278064727783
2.6549999713897705,10.520316123962402,-4.601248264312744
2.6600000858306885,10.59652328491211,-4.637999057769775
2.6649999618530273,10.706345558166504,-4.660968780517578
2.6700000762939453,10.828755378723145,-4.670156478881836
2.674999952316284,10.815299987792969,-4.665562629699707
2.680000066757202,10.696619033813477,-4.670156478881836
2.684999942779541,10.585237503051758,-4.656374931335449
2.690000057220459,10.690335273742676,-4.624217510223389
2.694999933242798,10.58230209350586,-4.615029811859131
2.700000047683716,10.30159854888916,-4.610435485839844
2.7049999237060547,10.147285461425781,-4.61962366104126
2.7100000381469727,10.070775985717773,-4.58287239074707
2.7149999141693115,10.028422355651855,-4.541527271270752
2.7200000286102295,10.042276382446289,-4.51396369934082
2.7249999046325684,9.99256706237793,-4.55071496963501
2.7300000190734863,10.039794921875,-4.559902667999268
2.734999895095825,9.993431091308594,-4.55071496963501
2.740000009536743,10.04397201538086,-4.559902667999268
2.744999885559082,10.07740592956543,-4.555308818817139
2.75,10.023300170898438,-4.559902667999268
2.755000114440918,10.035176277160645,-4.5644965171813965
2.759999990463257,9.978151321411133,-4.559902667999268
2.765000104904175,9.878103256225586,-4.536933422088623
2.7699999809265137,9.7900972366333,-4.509369850158691
2.7750000953674316,9.704848289489746,-4.495588302612305
2.7799999713897705,9.598248481750488,-4.468024730682373
2.7850000858306885,9.5416841506958,-4.4358673095703125
2.7899999618530273,9.58415699005127,-4.440461158752441
2.7950000762939453,9.516336441040039,-4.4358673095703125
2.799999952316284,9.522083282470703,-4.449649333953857
2.805000066757202,9.581533432006836,-4.472618579864502
2.809999942779541,9.614063262939453,-4.486400604248047
2.815000057220459,9.596229553222656,-4.495588302612305
2.819999933242798,9.554732322692871,-4.495588302612305
2.825000047683716,9.531872749328613,-4.490994453430176
2.8299999237060547,9.487005233764648,-4.468024730682373
2.8350000381469727,9.469403266906738,-4.4450554847717285
2.8399999141693115,9.372847557067871,-4.422085762023926
2.8450000286102295,9.255837440490723,-4.394522666931152
2.8499999046325684,9.280834197998047,-4.357770919799805
2.8550000190734863,9.386446952819824,-4.339395523071289
2.859999895095825,9.476078033447266,-4.366959095001221
2.865000009536743,9.432046890258789,-4.412898063659668
2.869999885559082,9.514646530151367,-4.44505500793457
2.875,9.742208480834961,-4.463430881500244
2.880000114440918,9.76762580871582,-4.458837032318115
2.884999990463257,9.708317756652832,-4.472618579864502
2.890000104904175,9.628725051879883,-4.472618579864502
2.8949999809265137,9.702388763427734,-4.468024730682373
2.9000000953674316,9.682209014892578,-4.468024730682373
2.9049999713897705,9.609814643859863,-4.472618579864502
2.9100000858306885,9.530461311340332,-4.463430881500244
2.9149999618530273,9.5101318359375,-4.458837032318115
2.9200000762939453,9.569750785827637,-4.440461158752441
2.924999952316284,9.595003128051758,-4.454243183135986
2.930000066757202,9.51128101348877,-4.472618579864502
2.934999942779541,9.719852447509766,-4.490994453430176
2.940000057220459,9.823458671569824,-4.5047760009765625
2.944999933242798,9.901341438293457,-4.518558025360107
2.950000047683716,9.868609428405762,-4.536933422088623
2.9549999237060547,9.890122413635254,-4.55071496963501
2.9600000381469727,9.937227249145508,-4.559902667999268
2.9649999141693115,9.970075607299805,-4.55071496963501
2.9700000286102295,10.002530097961426,-4.541527271270752
2.9749999046325684,9.935056686401367,-4.532339572906494
2.9800000190734863,9.893973350524902,-4.527745246887207
2.984999895095825,9.865468978881836,-4.51396369934082
2.990000009536743,9.797944068908691,-4.495588302612305
2.994999885559082,9.780102729797363,-4.486400604248047
3,9.824613571166992,-4.477212429046631
3.005000114440918,9.838154792785645,-4.490994453430176
3.009999990463257,9.778779983520508,-4.500182151794434
3.015000104904175,9.779121398925781,-4.5047760009765625
3.0199999809265137,9.804121017456055,-4.490994453430176
3.0250000953674316,9.781916618347168,-4.490994453430176
3.0299999713897705,9.711125373840332,-4.5047760009765625
3.0350000858306885,9.73365306854248,-4.509369850158691
3.0399999618530273,9.762693405151367,-4.518558025360107
3.0450000762939453,9.679605484008789,-4.527745723724365
3.049999952316284,9.5891695022583,-4.532339572906494
3.055000066757202,9.687554359436035,-4.509369850158691
3.059999942779541,9.768364906311035,-4.495588302612305
3.065000057220459,9.746140480041504,-4.518558025360107
3.069999933242798,9.775177001953125,-4.541527271270752
3.075000047683716,9.940082550048828,-4.559902667999268
3.0799999237060547,9.976314544677734,-4.5644965171813965
3.0850000381469727,9.983562469482422,-4.559902667999268
3.0899999141693115,9.99985408782959,-4.55071496963501
3.0950000286102295,9.967965126037598,-4.532339572906494
3.0999999046325684,9.906691551208496,-4.523151397705078
3.1050000190734863,9.943416595458984,-4.495588302612305
3.109999895095825,9.92322063446045,-4.48180627822876
3.115000009536743,9.69880199432373,-4.477212429046631
3.119999885559082,9.59165096282959,-4.477212429046631
3.125,9.448415756225586,-4.472618579864502
3.130000114440918,9.464320182800293,-4.48180627822876
3.134999990463257,9.647290229797363,-4.509369850158691
3.140000104904175,9.615918159484863,-4.536933422088623
3.1449999809265137,9.614368438720703,-4.559902667999268
3.1500000953674316,9.723888397216797,-4.55071496963501
3.1549999713897705,9.843029022216797,-4.523151874542236
3.1600000858306885,9.8253755569458,-4.5047760009765625
3.1649999618530273,9.729168891906738,-4.500182151794434
3.1700000762939453,9.611557006835938,-4.490994453430176
3.174999952316284,9.518917083740234,-4.48180627822876
3.180000066757202,9.373788833618164,-4.463430881500244
3.184999942779541,9.32282829284668,-4.458837032318115
3.190000057220459,9.04407787322998,-4.440461158752441
3.194999933242798,9.101922988891602,-4.431273460388184
3.200000047683716,9.137375831604004,-4.412898063659668
3.2049999237060547,9.121874809265137,-4.417491912841797
3.2100000381469727,9.108753204345703,-4.4404616355896
3.2149999141693115,9.133315086364746,-4.454243183135986
3.2200000286102295,9.336650848388672,-4.4358673095703125
3.2249999046325684,9.392029762268066,-4.422085762023926
3.2300000190734863,9.3970308303833,-4.422085762023926
3.234999895095825,9.353282928466797,-4.4358673095703125
3.240000009536743,9.413190841674805,-4.440461158752441
3.244999885559082,9.393033027648926,-4.440461158752441
3.25,9.384563446044922,-4.458837032318115
3.255000114440918,9.444976806640625,-4.449649333953857
3.259999990463257,9.589685440063477,-4.458837032318115
3.265000104904175,9.708812713623047,-4.5047760009765625
3.2699999809265137,9.787339210510254,-4.573684215545654
3.2750000953674316,9.978453636169434,-4.6334052085876465
3.2799999713897705,10.163625717163086,-4.656374931335449
3.2850000858306885,10.299022674560547,-4.665562629699707
3.2899999618530273,10.34414291381836,-4.65178108215332
3.2950000762939453,10.392486572265625,-4.637999057769775
3.299999952316284,10.372586250305176,-4.637999057769775
3.305000066757202,10.312125205993652,-4.642592906951904
3.309999942779541,10.1937837600708,-4.637999057769775
3.315000057220459,10.11743450164795,-4.624217510223389
3.319999933242798,10.482707023620605,-4.605841636657715
3.325000047683716,10.07019329071045,-4.58287239074707
3.3299999237060547,9.717535972595215,-4.559902667999268
3.3350000381469727,9.83076000213623,-4.55071496963501
3.3399999141693115,9.868355751037598,-4.569090366363525
3.3450000286102295,9.877339363098145,-4.596653938293457
3.3499999046325684,9.896462440490723,-4.615029811859131
3.3550000190734863,9.903940200805664,-4.615029335021973
3.359999895095825,9.928895950317383,-4.605841636657715
3.365000009536743,9.898037910461426,-4.587466239929199
3.369999885559082,9.797188758850098,-4.559902667999268
3.375,9.6864013671875,-4.55071496963501
3.380000114440918,9.623407363891602,-4.527745723724365
3.384999990463257,9.533923149108887,-4.500182151794434
3.390000104904175,9.447832107543945,-4.490994453430176
3.3949999809265137,9.447722434997559,-4.477212429046631
3.4000000953674316,9.558968544006348,-4.500182151794434
3.4049999713897705,9.58082103729248,-4.536933422088623
3.4100000858306885,9.589614868164062,-4.569090366363525
3.4149999618530273,9.718118667602539,-4.569090366363525
3.4200000762939453,9.828052520751953,-4.541527271270752
3.424999952316284,9.889570236206055,-4.536933422088623
3.430000066757202,9.897788047790527,-4.541527271270752
3.434999942779541,9.893699645996094,-4.555308818817139
3.440000057220459,9.889366149902344,-4.559902667999268
3.444999933242798,9.789312362670898,-4.559902667999268
3.450000047683716,9.675773620605469,-4.559902667999268
3.4549999237060547,9.614412307739258,-4.559902667999268
3.4600000381469727,9.672307014465332,-4.55071496963501
3.4649999141693115,9.710326194763184,-4.55071496963501
3.4700000286102295,9.735917091369629,-4.555308818817139
3.4749999046325684,9.798572540283203,-4.5644965171813965
3.4800000190734863,9.857138633728027,-4.5736846923828125
3.484999895095825,9.882223129272461,-4.573684215545654
3.490000009536743,9.911894798278809,-4.578278541564941
3.494999885559082,9.91970443725586,-4.58287239074707
3.5,9.826549530029297,-4.58287239074707
3.505000114440918,9.760215759277344,-4.578278541564941
3.509999990463257,9.742348670959473,-4.569090366363525
3.515000104904175,9.691922187805176,-4.559902667999268
3.5199999809265137,9.677129745483398,-4.55071496963501
3.5250000953674316,9.765280723571777,-4.546121120452881
3.5299999713897705,9.88765811920166,-4.555308818817139
3.5350000858306885,9.912325859069824,-4.596653938293457
3.5399999618530273,9.973311424255371,-4.628811359405518
3.5450000762939453,10.141876220703125,-4.647187232971191
3.549999952316284,10.270208358764648,-4.647186756134033
3.555000066757202,10.313584327697754,-4.647187232971191
3.559999942779541,10.36523723602295,-4.647187232971191
3.565000057220459,10.362049102783203,-4.65178108215332
3.569999933242798,10.31556224822998,-4.660968780517578
3.575000047683716,10.218021392822266,-4.665562629699707
3.5799999237060547,10.109387397766113,-4.65178108215332
3.5850000381469727,9.947511672973633,-4.6425933837890625
3.5899999141693115,9.860069274902344,-4.61962366104126
3.5950000286102295,9.771910667419434,-4.58287239074707
3.5999999046325684,9.687118530273438,-4.5736846923828125
3.6050000190734863,9.640440940856934,-4.5644965171813965
3.609999895095825,9.645012855529785,-4.5644965171813965
3.615000009536743,9.685049057006836,-4.569090366363525
3.619999885559082,9.762537002563477,-4.587466239929199
3.625,9.786724090576172,-4.596653938293457
3.630000114440918,9.907938957214355,-4.615029811859131
3.634999990463257,10.006831169128418,-4.615029811859131
3.640000104904175,10.070355415344238,-4.624217510223389
3.6449999809265137,10.023953437805176,-4.637999057769775
3.6500000953674316,10.057254791259766,-4.6334052085876465
3.6549999713897705,10.070052146911621,-4.624217510223389
3.6600000858306885,9.976526260375977,-4.615029335021973
3.6649999618530273,9.920114517211914,-4.605841636657715
3.6700000762939453,9.834858894348145,-4.610435962677002
3.674999952316284,9.777668952941895,-4.592060089111328
3.680000066757202,9.683436393737793,-4.58287239074707
3.684999942779541,9.698602676391602,-4.555308818817139
3.690000057220459,9.680768966674805,-4.546121120452881
3.694999933242798,9.653406143188477,-4.546121120452881
3.700000047683716,9.623899459838867,-4.541527271270752
3.7049999237060547,9.653043746948242,-4.546121120452881
3.7100000381469727,9.64210033416748,-4.536933422088623
3.7149999141693115,9.66422176361084,-4.527745723724365
3.7200000286102295,9.669530868530273,-4.532339572906494
3.7249999046325684,9.700252532958984,-4.532339572906494
3.7300000190734863,9.700520515441895,-4.541527271270752
3.734999895095825,9.729033470153809,-4.546121120452881
3.740000009536743,9.692907333374023,-4.546121120452881
3.744999885559082,9.721821784973145,-4.536933422088623
3.75,9.662675857543945,-4.532339572906494
3.755000114440918,9.647270202636719,-4.527745723724365
3.759999990463257,9.536629676818848,-4.523151874542236
3.765000104904175,9.596515655517578,-4.51396369934082
3.7699999809265137,9.699109077453613,-4.51396369934082
3.7750000953674316,9.647653579711914,-4.541527271270752
3.7799999713897705,9.689387321472168,-4.555308818817139
3.7850000858306885,9.828985214233398,-4.569090366363525
3.7899999618530273,9.907914161682129,-4.578278541564941
3.7950000762939453,9.936810493469238,-4.58287239074707
3.799999952316284,10.000787734985352,-4.592060089111328
3.805000066757202,10.062849998474121,-4.587466239929199
3.809999942779541,10.023395538330078,-4.596653938293457
3.815000057220459,9.982386589050293,-4.601247787475586
3.819999933242798,9.891963005065918,-4.596653938293457
3.825000047683716,9.845427513122559,-4.58287239074707
3.8299999237060547,9.773834228515625,-4.569090366363525
3.8350000381469727,9.708524703979492,-4.555308818817139
3.8399999141693115,9.672633171081543,-4.541527271270752
3.8450000286102295,9.658906936645508,-4.536933422088623
3.8499999046325684,9.593622207641602,-4.532339572906494
3.8550000190734863,9.597981452941895,-4.527745246887207
3.859999895095825,9.583487510681152,-4.509369850158691
3.865000009536743,9.581467628479004,-4.509369850158691
3.869999885559082,9.537477493286133,-4.500182151794434
3.875,9.475838661193848,-4.500182151794434
3.880000114440918,9.505343437194824,-4.486400127410889
3.884999990463257,9.47849178314209,-4.477212429046631
3.890000104904175,9.363958358764648,-4.472618579864502
3.8949999809265137,9.324533462524414,-4.472618579864502
3.9000000953674316,9.409988403320312,-4.454243183135986
3.9049999713897705,9.534439086914062,-4.463430881500244
3.9100000858306885,9.50180721282959,-4.500182151794434
3.9149999618530273,9.386958122253418,-4.532339572906494
3.9200000762939453,9.628326416015625,-4.541527271270752
3.924999952316284,9.745566368103027,-4.541527271270752
3.930000066757202,9.743255615234375,-4.555308818817139
3.934999942779541,9.79271125793457,-4.5644965171813965
3.940000057220459,9.84055233001709,-4.559902667999268
3.944999933242798,9.78563117980957,-4.541527271270752
3.950000047683716,9.720093727111816,-4.541527271270752
3.9549999237060547,9.644462585449219,-4.527745723724365
3.9600000381469727,9.588455200195312,-4.518557548522949
3.9649999141693115,9.560811042785645,-4.51396369934082
3.9700000286102295,9.608607292175293,-4.51396369934082
3.9749999046325684,9.622140884399414,-4.518557548522949
3.9800000190734863,9.588340759277344,-4.532339572906494
3.984999895095825,9.636635780334473,-4.541527271270752
3.990000009536743,9.651690483093262,-4.536933422088623
3.994999885559082,9.648751258850098,-4.532339572906494
4,9.565596580505371,-4.523151397705078
4.005000114440918,9.496307373046875,-4.509369850158691
4.010000228881836,9.460227966308594,-4.490994453430176
4.014999866485596,9.422208786010742,-4.486400604248047
4.019999980926514,9.356121063232422,-4.477212429046631
4.025000095367432,9.314573287963867,-4.477212429046631
4.03000020980835,9.321467399597168,-4.468024730682373
4.034999847412109,9.36599063873291,-4.458837032318115
4.039999961853027,9.351702690124512,-4.472618579864502
4.045000076293945,9.438928604125977,-4.490994453430176
4.050000190734863,9.570181846618652,-4.509369850158691
4.054999828338623,9.689000129699707,-4.532339572906494
4.059999942779541,9.75035572052002,-4.55071496963501
4.065000057220459,9.85456371307373,-4.569090366363525
4.070000171661377,9.909673690795898,-4.573684215545654
4.074999809265137,9.839864730834961,-4.573684215545654
4.079999923706055,9.817056655883789,-4.569090366363525
4.085000038146973,9.693443298339844,-4.569090366363525
4.090000152587891,9.678045272827148,-4.5644965171813965
4.09499979019165,9.558428764343262,-4.541527271270752
4.099999904632568,9.498682975769043,-4.518557548522949
4.105000019073486,9.397286415100098,-4.51396369934082
4.110000133514404,9.37960147857666,-4.500182151794434
4.114999771118164,9.433745384216309,-4.490994453430176
4.119999885559082,9.535340309143066,-4.5047760009765625
4.125,9.634064674377441,-4.527745723724365
4.130000114440918,9.654016494750977,-4.546121120452881
4.135000228881836,9.782037734985352,-4.569090366363525
4.139999866485596,9.86056137084961,-4.573684215545654
4.144999980926514,9.914812088012695,-4.58287239074707
4.150000095367432,9.896503448486328,-4.592060089111328
4.15500020980835,9.92014217376709,-4.601247787475586
4.159999847412109,9.922032356262207,-4.605841636657715
4.164999961853027,9.939799308776855,-4.601247787475586
4.170000076293945,9.901333808898926,-4.587466239929199
4.175000190734863,9.842050552368164,-4.601247787475586
4.179999828338623,9.76069164276123,-4.58287239074707
4.184999942779541,9.761775970458984,-4.573684215545654
4.190000057220459,9.767231941223145,-4.5644965171813965
4.195000171661377,9.770873069763184,-4.573684215545654
4.199999809265137,9.742094039916992,-4.592060089111328
4.204999923706055,9.832229614257812,-4.601247787475586
4.210000038146973,9.94062614440918,-4.610435485839844
4.215000152587891,9.99333381652832,-4.61962366104126
4.21999979019165,10.02091121673584,-4.61962366104126
4.224999904632568,10.030247688293457,-4.624217510223389
4.230000019073486,10.000553131103516,-4.61962366104126
4.235000133514404,10.000030517578125,-4.615029335021973
4.239999771118164,9.946023941040039,-4.61962366104126
4.244999885559082,9.889460563659668,-4.610435485839844
4.25,9.807137489318848,-4.605841636657715
4.255000114440918,9.771642684936523,-4.587466239929199
4.260000228881836,9.747329711914062,-4.587466239929199
4.264999866485596,9.778057098388672,-4.587466239929199
4.269999980926514,9.767741203308105,-4.601247787475586
4.275000095367432,9.875584602355957,-4.61962366104126
4.28000020980835,10.004739761352539,-4.624217510223389
4.284999847412109,10.046222686767578,-4.651780605316162
4.289999961853027,10.13164234161377,-4.656374931335449
4.295000076293945,10.150412559509277,-4.65178108215332
4.300000190734863,10.125894546508789,-4.656374931335449
4.304999828338623,10.068022727966309,-4.642592906951904
4.309999942779541,10.042811393737793,-4.6334052085876465
4.315000057220459,9.968223571777344,-4.624217510223389
4.320000171661377,9.848477363586426,-4.605841636657715
4.324999809265137,9.710367202758789,-4.592060089111328
4.329999923706055,9.613823890686035,-4.569090366363525
4.335000038146973,9.567097663879395,-4.55071496963501
4.340000152587891,9.46811580657959,-4.541527271270752
4.34499979019165,9.448994636535645,-4.527745723724365
4.349999904632568,9.44160270690918,-4.527745723724365
4.355000019073486,9.479116439819336,-4.532339572906494
4.360000133514404,9.518964767456055,-4.546121120452881
4.364999771118164,9.588935852050781,-4.546121120452881
4.369999885559082,9.632343292236328,-4.546121120452881
4.375,9.667929649353027,-4.55071496963501
4.380000114440918,9.655594825744629,-4.55071496963501
4.385000228881836,9.585221290588379,-4.555308818817139
4.389999866485596,9.5263671875,-4.546121120452881
4.394999980926514,9.510141372680664,-4.536933422088623
4.400000095367432,9.509234428405762,-4.523151397705078
4.40500020980835,9.600982666015625,-4.532339572906494
4.409999847412109,9.666409492492676,-4.55071496963501
4.414999961853027,9.75493049621582,-4.578278064727783
4.420000076293945,9.881299018859863,-4.596653938293457
4.425000190734863,10.009260177612305,-4.605841636657715
4.429999828338623,10.03927993774414,-4.615029811859131
4.434999942779541,10.025160789489746,-4.624217510223389
4.440000057220459,10.064509391784668,-4.61962366104126
4.445000171661377,9.905905723571777,-4.610435485839844
4.449999809265137,9.789115905761719,-4.615029811859131
4.454999923706055,9.68896770477295,-4.587466239929199
4.460000038146973,9.668913841247559,-4.573684215545654
4.465000152587891,9.538307189941406,-4.555308818817139
4.46999979019165,9.462143898010254,-4.541527271270752
4.474999904632568,9.424874305725098,-4.523151397705078
4.480000019073486,9.373387336730957,-4.509369850158691
4.485000133514404,9.415647506713867,-4.509369850158691
4.489999771118164,9.555360794067383,-4.51396369934082
4.494999885559082,9.659634590148926,-4.536933422088623
4.5,9.711893081665039,-4.573684215545654
4.505000114440918,9.885740280151367,-4.596653938293457
4.510000228881836,10.024824142456055,-4.615029811859131
4.514999866485596,10.060216903686523,-4.628811359405518
4.519999980926514,10.064647674560547,-4.6334052085876465
4.525000095367432,10.03976058959961,-4.637999057769775
4.53000020980835,10.014739036560059,-4.628811359405518
4.534999847412109,9.876215934753418,-4.615029811859131
4.539999961853027,9.785919189453125,-4.605841636657715
4.545000076293945,9.713107109069824,-4.587466239929199
4.550000190734863,9.619587898254395,-4.569090366363525
4.554999828338623,9.56434154510498,-4.55071496963501
4.559999942779541,9.54587459564209,-4.527745723724365
4.565000057220459,9.602880477905273,-4.523151397705078
4.570000171661377,9.618132591247559,-4.536933422088623
4.574999809265137,9.651946067810059,-4.55071496963501
4.579999923706055,9.684356689453125,-4.559902667999268
4.585000038146973,9.799956321716309,-4.578278064727783
4.590000152587891,9.840045928955078,-4.587466239929199
4.59499979019165,9.859381675720215,-4.596653938293457
4.599999904632568,9.892972946166992,-4.596653938293457
4.605000019073486,9.906986236572266,-4.592060089111328
4.610000133514404,9.842517852783203,-4.592060089111328
4.614999771118164,9.773726463317871,-4.596653938293457
4.619999885559082,9.726789474487305,-4.58287239074707
4.625,9.773235321044922,-4.58287239074707
4.630000114440918,9.779339790344238,-4.592060089111328
4.635000228881836,9.841704368591309,-4.596653938293457
4.639999866485596,9.975452423095703,-4.601247787475586
4.644999980926514,10.075323104858398,-4.624217510223389
4.650000095367432,10.149959564208984,-4.637999057769775
4.65500020980835,10.272856712341309,-4.660968780517578
4.659999847412109,10.414546012878418,-4.674750328063965
4.664999961853027,10.446639060974121,-4.6931257247924805
4.670000076293945,10.401148796081543,-4.697719573974609
4.675000190734863,10.340154647827148,-4.6931257247924805
4.679999828338623,10.263259887695312,-4.6931257247924805
4.684999942779541,10.174206733703613,-4.683938026428223
4.690000057220459,10.10438346862793,-4.665562629699707
4.695000171661377,9.952741622924805,-4.65178108215332
4.699999809265137,9.804224967956543,-4.628811359405518
4.704999923706055,9.65323543548584,-4.605841636657715
4.710000038146973,9.554449081420898,-4.573684215545654
4.715000152587891,9.532630920410156,-4.555308818817139
4.71999979019165,9.413531303405762,-4.532339572906494
4.724999904632568,9.373251914978027,-4.518557548522949
4.730000019073486,9.331304550170898,-4.51396369934082
4.735000133514404,9.280430793762207,-4.5047760009765625
4.739999771118164,9.257073402404785,-4.500182151794434
4.744999885559082,9.255166053771973,-4.48180627822876
4.75,9.204483032226562,-4.477212429046631
4.755000114440918,9.307869911193848,-4.472618579864502
4.760000228881836,9.395263671875,-4.477212429046631
4.764999866485596,9.453064918518066,-4.5047760009765625
4.769999980926514,9.50259017944336,-4.536933422088623
4.775000095367432,9.713719367980957,-4.559902667999268
4.78000020980835,9.845231056213379,-4.569090366363525
4.784999847412109,9.921168327331543,-4.58287239074707
4.789999961853027,9.966917037963867,-4.601247787475586
4.795000076293945,9.989558219909668,-4.610435485839844
4.800000190734863,9.964303970336914,-4.615029811859131
4.804999828338623,9.928854942321777,-4.601247787475586
4.809999942779541,9.852237701416016,-4.596653938293457
4.815000057220459,9.737430572509766,-4.601247787475586
4.820000171661377,9.678011894226074,-4.573684215545654
4.824999809265137,9.596449851989746,-4.555308818817139
4.829999923706055,9.522850036621094,-4.536933422088623
4.835000038146973,9.499726295471191,-4.532339572906494
4.840000152587891,9.555251121520996,-4.532339572906494
4.84499979019165,9.581427574157715,-4.532339572906494
4.849999904632568,9.652205467224121,-4.546121120452881
4.855000019073486,9.740856170654297,-4.569090366363525
4.860000133514404,9.759669303894043,-4.592060089111328
4.864999771118164,9.8175687789917,-4.601247787475586
4.869999885559082,9.863334655761719,-4.592060089111328
4.875,9.87878131866455,-4.58287239074707
4.880000114440918,9.850595474243164,-4.58287239074707
4.885000228881836,9.789144515991211,-4.578278541564941
4.889999866485596,9.705472946166992,-4.569090366363525
4.894999980926514,9.673673629760742,-4.5644965171813965
4.900000095367432,9.664515495300293,-4.55071496963501
4.90500020980835,9.6809663772583,-4.546121120452881
4.909999847412109,9.743582725524902,-4.555308818817139
4.914999961853027,9.782963752746582,-4.573684215545654
4.920000076293945,9.921380996704102,-4.596653938293457
4.925000190734863,10.090531349182129,-4.610435485839844
4.929999828338623,10.240363121032715,-4.628811359405518
4.934999942779541,10.30533504486084,-4.665562629699707
4.940000057220459,10.311201095581055,-4.688531875610352
4.945000171661377,10.36085319519043,-4.688531875610352
4.949999809265137,10.305403709411621,-4.674750328063965
4.954999923706055,10.215147972106934,-4.656374931335449
4.960000038146973,10.055712699890137,-4.6334052085876465
4.965000152587891,9.911294937133789,-4.605841636657715
4.96999979019165,9.69832992553711,-4.58287239074707
4.974999904632568,9.614570617675781,-4.555308818817139
4.980000019073486,9.406002044677734,-4.536933422088623
4.985000133514404,9.329307556152344,-4.51396369934082
4.989999771118164,9.260038375854492,-4.495588302612305
4.994999885559082,9.238170623779297,-4.48180627822876
5,9.239587783813477,-4.472618579864502
5.005000114440918,9.305575370788574,-4.472618579864502
5.010000228881836,9.360193252563477,-4.48180627822876
5.014999866485596,9.444326400756836,-4.490994453430176
5.019999980926514,9.463027000427246,-4.51396369934082
5.025000095367432,9.442164421081543,-4.532339572906494
5.03000020980835,9.484430313110352,-4.541527271270752
5.034999847412109,9.530669212341309,-4.536933422088623
5.039999961853027,9.536054611206055,-4.541527271270752
5.045000076293945,9.498425483703613,-4.536933422088623
5.050000190734863,9.518013000488281,-4.532339572906494
5.054999828338623,9.593832969665527,-4.523151397705078
5.059999942779541,9.634283065795898,-4.523151397705078
5.065000057220459,9.61513614654541,-4.527745723724365
5.070000171661377,9.657430648803711,-4.546121120452881
5.074999809265137,9.792065620422363,-4.5644965171813965
5.079999923706055,9.835474967956543,-4.587466239929199
5.085000038146973,9.909607887268066,-4.610435962677002
5.090000152587891,10.059609413146973,-4.6334052085876465
5.09499979019165,10.13333797454834,-4.6334052085876465
5.099999904632568,10.142861366271973,-4.647186756134033
5.105000019073486,10.158955574035645,-4.665562629699707
5.110000133514404,10.127615928649902,-4.660968780517578
5.114999771118164,10.11288070678711,-4.660968780517578
5.119999885559082,10.044754981994629,-4.65178108215332
5.125,9.963750839233398,-4.6334052085876465
5.130000114440918,9.905594825744629,-4.628811359405518
5.135000228881836,9.898473739624023,-4.615029335021973
5.139999866485596,9.888707160949707,-4.605841636657715
5.144999980926514,9.86611557006836,-4.615029335021973
5.150000095367432,9.892823219299316,-4.615029335021973
5.15500020980835,9.959563255310059,-4.624217510223389
5.159999847412109,10.001751899719238,-4.6334052085876465
5.164999961853027,10.043195724487305,-4.642592906951904
5.170000076293945,10.082018852233887,-4.656374931335449
5.175000190734863,10.1425142288208,-4.665562629699707
5.179999828338623,10.137696266174316,-4.660968780517578
5.184999942779541,10.113879203796387,-4.665562629699707
5.190000057220459,10.051313400268555,-4.660968780517578
5.195000171661377,10.012572288513184,-4.642592906951904
5.199999809265137,9.954487800598145,-4.628811359405518
5.204999923706055,9.885897636413574,-4.605841636657715
5.210000038146973,9.824511528015137,-4.596653938293457
5.215000152587891,9.798774719238281,-4.592060089111328
5.21999979019165,9.779014587402344,-4.592060089111328
5.224999904632568,9.794370651245117,-4.592060089111328
5.230000019073486,9.816840171813965,-4.601247787475586
5.235000133514404,9.816107749938965,-4.615029335021973
5.239999771118164,9.86691665649414,-4.605841636657715
5.244999885559082,9.915682792663574,-4.601247787475586
5.25,9.873004913330078,-4.596653938293457
5.255000114440918,9.750370025634766,-4.592060089111328
5.260000228881836,9.679415702819824,-4.58287239074707
5.264999866485596,9.640305519104004,-4.569090366363525
5.269999980926514,9.547439575195312,-4.55071496963501
5.275000095367432,9.408527374267578,-4.532339572906494
5.28000020980835,9.372635841369629,-4.509369850158691
5.284999847412109,9.346067428588867,-4.500182151794434
5.289999961853027,9.352087020874023,-4.5047760009765625
5.295000076293945,9.419534683227539,-4.509369850158691
5.300000190734863,9.435832023620605,-4.527745723724365
5.304999828338623,9.525303840637207,-4.532339572906494
5.309999942779541,9.57873249053955,-4.546121120452881
5.315000057220459,9.63986873626709,-4.555308818817139
5.320000171661377,9.700488090515137,-4.55071496963501
5.324999809265137,9.706710815429688,-4.55071496963501
5.329999923706055,9.709280014038086,-4.55071496963501
5.335000038146973,9.734847068786621,-4.55071496963501
5.340000152587891,9.776741981506348,-4.555308818817139
5.34499979019165,9.79107666015625,-4.5644965171813965
5.349999904632568,9.886958122253418,-4.592060089111328
5.355000019073486,10.030303001403809,-4.615029811859131
5.360000133514404,10.12348747253418,-4.624217510223389
5.364999771118164,10.221321105957031,-4.651780605316162
5.369999885559082,10.287498474121094,-4.656374931335449
5.375,10.269413948059082,-4.674750328063965
5.380000114440918,10.182805061340332,-4.674750328063965
5.385000228881836,9.946013450622559,-4.674750328063965
5.389999866485596,10.141222953796387,-4.670156478881836
5.394999980926514,10.02785873413086,-4.637999057769775
5.400000095367432,9.917272567749023,-4.615029335021973
5.40500020980835,9.697936058044434,-4.592060089111328
5.409999847412109,9.637555122375488,-4.5644965171813965
5.414999961853027,9.581006050109863,-4.55071496963501
5.420000076293945,9.52493953704834,-4.546121120452881
5.425000190734863,9.467598915100098,-4.546121120452881
5.429999828338623,9.514665603637695,-4.546121120452881
5.434999942779541,9.641576766967773,-4.546121120452881
5.440000057220459,9.6757173538208,-4.5644965171813965
5.445000171661377,9.81278133392334,-4.578278064727783
5.449999809265137,9.849953651428223,-4.592060089111328
5.454999923706055,9.904461860656738,-4.605841636657715
5.460000038146973,9.905354499816895,-4.61962366104126
5.465000152587891,9.93529224395752,-4.601247787475586
5.46999979019165,9.789937019348145,-4.592060089111328
5.474999904632568,9.932991027832031,-4.601247787475586
5.480000019073486,9.77746868133545,-4.592060089111328
5.485000133514404,9.6937837600708,-4.578278064727783
5.489999771118164,9.600526809692383,-4.569090366363525
5.494999885559082,9.552343368530273,-4.555308818817139
5.5,9.578237533569336,-4.536933422088623
5.505000114440918,9.721508979797363,-4.546121120452881
5.510000228881836,9.75792407989502,-4.569090366363525
5.514999866485596,9.772514343261719,-4.587466239929199
5.519999980926514,9.826136589050293,-4.601247787475586
5.525000095367432,9.879688262939453,-4.596653938293457
5.53000020980835,9.815238952636719,-4.601247787475586
5.534999847412109,9.881481170654297,-4.605841636657715
5.539999961853027,9.771503448486328,-4.601247787475586
5.545000076293945,9.796420097351074,-4.58287239074707
5.550000190734863,9.667627334594727,-4.5736846923828125
5.554999828338623,9.584052085876465,-4.5644965171813965
5.559999942779541,9.503610610961914,-4.546121120452881
5.565000057220459,9.44336986541748,-4.532339572906494
5.570000171661377,9.407597541809082,-4.523151397705078
5.574999809265137,9.54829216003418,-4.555308818817139
5.579999923706055,9.649969100952148,-4.5644965171813965
5.585000038146973,9.54975700378418,-4.555308818817139
5.590000152587891,9.657562255859375,-4.5644965171813965
5.59499979019165,9.826791763305664,-4.5736846923828125
5.599999904632568,9.90428352355957,-4.58287239074707
5.605000019073486,9.895723342895508,-4.610435485839844
5.610000133514404,9.821364402770996,-4.61962366104126
5.614999771118164,9.831902503967285,-4.605841636657715
5.619999885559082,9.771684646606445,-4.596653938293457
5.625,9.712796211242676,-4.578278541564941
5.630000114440918,9.621315002441406,-4.5644965171813965
5.635000228881836,9.588322639465332,-4.55071496963501
5.639999866485596,9.55146598815918,-4.546121120452881
5.644999980926514,9.537798881530762,-4.55071496963501
5.650000095367432,9.561186790466309,-4.5644965171813965
5.65500020980835,9.651732444763184,-4.5644965171813965
5.659999847412109,9.753003120422363,-4.573684215545654
5.664999961853027,9.812891006469727,-4.573684215545654
5.670000076293945,9.865907669067383,-4.596653938293457
5.675000190734863,9.841489791870117,-4.610435485839844
5.679999828338623,9.84253978729248,-4.605841636657715
5.684999942779541,9.86601734161377,-4.605841636657715
5.690000057220459,9.804106712341309,-4.605841636657715
5.695000171661377,9.776020050048828,-4.605841636657715
5.699999809265137,9.773348808288574,-4.601247787475586
5.704999923706055,9.772775650024414,-4.601247787475586
5.710000038146973,9.756414413452148,-4.587466239929199
5.715000152587891,9.849566459655762,-4.596653938293457
5.71999979019165,9.925919532775879,-4.605841636657715
5.724999904632568,9.965285301208496,-4.628811359405518
5.730000019073486,10.016661643981934,-4.651780605316162
5.735000133514404,10.100502014160156,-4.647186756134033
5.739999771118164,10.182785034179688,-4.642592906951904
5.744999885559082,10.17264175415039,-4.642592906951904
5.75,10.138713836669922,-4.656374931335449
5.755000114440918,10.12240219116211,-4.65178108215332
5.760000228881836,10.053460121154785,-4.647186756134033
5.764999866485596,9.997066497802734,-4.637999057769775
5.769999980926514,9.915568351745605,-4.628811359405518
5.775000095367432,9.87075138092041,-4.61962366104126
5.78000020980835,9.799324035644531,-4.610435485839844
5.784999847412109,9.775127410888672,-4.592060089111328
5.789999961853027,9.783849716186523,-4.58287239074707
5.795000076293945,9.835758209228516,-4.601247787475586
5.800000190734863,9.904684066772461,-4.605841636657715
5.804999828338623,9.91611385345459,-4.61962366104126
5.809999942779541,9.944442749023438,-4.637999057769775
5.815000057220459,9.982540130615234,-4.6334052085876465
5.820000171661377,10.010200500488281,-4.6334052085876465
5.824999809265137,9.962017059326172,-4.637999057769775
5.829999923706055,9.969168663024902,-4.624217510223389
5.835000038146973,9.977239608764648,-4.61962366104126
5.840000152587891,9.928400039672852,-4.615029335021973
5.84499979019165,9.841838836669922,-4.615029811859131
5.849999904632568,9.790790557861328,-4.610435485839844
5.855000019073486,9.7671537399292,-4.601247787475586
5.860000133514404,9.700967788696289,-4.592060089111328
5.864999771118164,9.660598754882812,-4.573684215545654
5.869999885559082,9.623215675354004,-4.5644965171813965
5.875,9.635367393493652,-4.546121120452881
5.880000114440918,9.655556678771973,-4.555308818817139
5.885000228881836,9.688298225402832,-4.569090366363525
5.889999866485596,9.780176162719727,-4.587466239929199
5.894999980926514,9.875319480895996,-4.601247787475586
5.900000095367432,9.992457389831543,-4.61962366104126
5.90500020980835,10.16833209991455,-4.605841636657715
5.909999847412109,9.937559127807617,-4.61962366104126
5.914999961853027,9.782613754272461,-4.660968780517578
5.920000076293945,10.041752815246582,-4.637999057769775
5.925000190734863,10.0918550491333,-4.605841636657715
5.929999828338623,9.614791870117188,-4.601247787475586
5.934999942779541,9.660813331604004,-4.605841636657715
5.940000057220459,9.76941204071045,-4.58287239074707
5.945000171661377,9.79638385772705,-4.5644965171813965
5.949999809265137,9.638564109802246,-4.55071496963501
5.954999923706055,9.579845428466797,-4.536933422088623
5.960000038146973,9.522749900817871,-4.536933422088623
5.965000152587891,9.49940013885498,-4.536933422088623
5.96999979019165,9.503499984741211,-4.532339572906494
5.974999904632568,9.5104398727417,-4.532339572906494
5.980000019073486,9.493751525878906,-4.527745723724365
5.985000133514404,9.547516822814941,-4.527745723724365
5.989999771118164,9.585753440856934,-4.527745723724365
5.994999885559082,9.588988304138184,-4.532339572906494
6,9.559765815734863,-4.532339572906494
6.005000114440918,9.580513954162598,-4.541527271270752
6.010000228881836,9.585391998291016,-4.546121120452881
6.014999866485596,9.528075218200684,-4.541527271270752
6.019999980926514,9.495009422302246,-4.532339572906494
6.025000095367432,9.452556610107422,-4.523151397705078
6.03000020980835,9.406071662902832,-4.5047760009765625
6.034999847412109,9.346328735351562,-4.495588302612305
6.039999961853027,9.366677284240723,-4.495588302612305
6.045000076293945,9.469714164733887,-4.500182151794434
6.050000190734863,9.552050590515137,-4.523151874542236
6.054999828338623,9.628098487854004,-4.55071496963501
6.059999942779541,9.774527549743652,-4.5644965171813965
6.065000057220459,9.84986686706543,-4.58287239074707
6.070000171661377,9.924013137817383,-4.601247787475586
6.074999809265137,9.973389625549316,-4.601247787475586
6.079999923706055,9.927763938903809,-4.615029811859131
6.085000038146973,9.930688858032227,-4.610435485839844
6.090000152587891,9.86146354675293,-4.601247787475586
6.09499979019165,9.817304611206055,-4.592060089111328
6.099999904632568,9.714226722717285,-4.592060089111328
6.105000019073486,9.645325660705566,-4.58287239074707
6.110000133514404,9.569692611694336,-4.569090366363525
6.114999771118164,9.626578330993652,-4.55071496963501
6.119999885559082,9.594756126403809,-4.555308818817139
6.125,9.60196304321289,-4.5644965171813965
6.130000114440918,9.70706844329834,-4.5736846923828125
6.135000228881836,9.85310173034668,-4.578278541564941
6.139999866485596,9.918047904968262,-4.596653938293457
6.144999980926514,9.9943265914917,-4.6334052085876465
6.150000095367432,10.065712928771973,-4.647186756134033
6.15500020980835,10.128581047058105,-4.65178108215332
6.159999847412109,10.148051261901855,-4.656374931335449
6.164999961853027,10.148110389709473,-4.660968780517578
6.170000076293945,10.094719886779785,-4.656374931335449
6.175000190734863,10.08034610748291,-4.656374931335449
6.179999828338623,10.025742530822754,-4.660968780517578
6.184999942779541,9.964496612548828,-4.65178108215332
6.190000057220459,9.95400333404541,-4.637999057769775
6.195000171661377,9.96841812133789,-4.637999057769775
6.199999809265137,9.971136093139648,-4.637999057769775
6.204999923706055,9.98366928100586,-4.637999057769775
6.210000038146973,9.870414733886719,-4.637999057769775
6.215000152587891,9.932577133178711,-4.642592906951904
6.21999979019165,9.97756290435791,-4.637999057769775
6.224999904632568,10.02668285369873,-4.637999057769775
6.230000019073486,9.975316047668457,-4.637999057769775
6.235000133514404,9.960986137390137,-4.6334052085876465
6.239999771118164,9.916309356689453,-4.624217510223389
6.244999885559082,9.861196517944336,-4.61962366104126
6.25,9.774531364440918,-4.61962366104126
6.255000114440918,9.77197551727295,-4.605841636657715
6.260000228881836,9.720499038696289,-4.592060089111328
6.264999866485596,9.685079574584961,-4.58287239074707
6.269999980926514,9.687612533569336,-4.578278541564941
6.275000095367432,9.741334915161133,-4.573684215545654
6.28000020980835,9.785804748535156,-4.587466239929199
6.284999847412109,9.809460639953613,-4.601247787475586
6.289999961853027,9.868840217590332,-4.601247787475586
6.295000076293945,9.90670394897461,-4.610435485839844
6.300000190734863,9.873945236206055,-4.610435485839844
6.304999828338623,9.90610122680664,-4.61962366104126
6.309999942779541,9.904691696166992,-4.610435485839844
6.315000057220459,9.860496520996094,-4.605841636657715
6.320000171661377,9.780891418457031,-4.605841636657715
6.324999809265137,9.721720695495605,-4.601247787475586
6.329999923706055,9.693852424621582,-4.58287239074707
6.335000038146973,9.688621520996094,-4.573684215545654
6.340000152587891,9.66226577758789,-4.5644965171813965
6.34499979019165,9.633661270141602,-4.5644965171813965
6.349999904632568,9.634745597839355,-4.5644965171813965
6.355000019073486,9.70223331451416,-4.569090366363525
6.360000133514404,9.71262264251709,-4.58287239074707
6.364999771118164,9.742165565490723,-4.587466239929199
6.369999885559082,9.754616737365723,-4.587466239929199
6.375,9.757697105407715,-4.58287239074707
6.380000114440918,9.710406303405762,-4.58287239074707
6.385000228881836,9.66471004486084,-4.5736846923828125
6.389999866485596,9.617111206054688,-4.5644965171813965
6.394999980926514,9.572120666503906,-4.555308818817139
6.400000095367432,9.505012512207031,-4.541527271270752
6.40500020980835,9.495880126953125,-4.527745723724365
6.409999847412109,9.493831634521484,-4.532339572906494
6.414999961853027,9.516139030456543,-4.532339572906494
6.420000076293945,9.580166816711426,-4.546121120452881
6.425000190734863,9.687704086303711,-4.559902667999268
6.429999828338623,9.757817268371582,-4.578278064727783
6.434999942779541,9.952484130859375,-4.601247787475586
6.440000057220459,10.063873291015625,-4.624217510223389
6.445000171661377,10.104499816894531,-4.647186756134033
6.449999809265137,10.117314338684082,-4.660968780517578
6.454999923706055,10.123605728149414,-4.656374931335449
6.460000038146973,10.043196678161621,-4.651780605316162
6.465000152587891,10.00398063659668,-4.642592906951904
6.46999979019165,9.947305679321289,-4.6334052085876465
6.474999904632568,9.852437973022461,-4.624217510223389
6.480000019073486,9.793251037597656,-4.610435485839844
6.485000133514404,9.762027740478516,-4.605841636657715
6.489999771118164,9.784564971923828,-4.596653938293457
6.494999885559082,9.793017387390137,-4.601247787475586
6.5,9.75589370727539,-4.605841636657715
6.505000114440918,9.80374813079834,-4.605841636657715
6.510000228881836,9.87861442565918,-4.605841636657715
6.514999866485596,9.891582489013672,-4.610435485839844
6.519999980926514,9.845304489135742,-4.605841636657715
6.525000095367432,9.873461723327637,-4.61962366104126
6.53000020980835,9.84760570526123,-4.61962366104126
6.534999847412109,9.826749801635742,-4.615029811859131
6.539999961853027,9.777826309204102,-4.610435485839844
6.545000076293945,9.722982406616211,-4.592060089111328
6.550000190734863,9.663658142089844,-4.578278541564941
6.554999828338623,9.651350975036621,-4.578278541564941
6.559999942779541,9.691717147827148,-4.569090366363525
6.565000057220459,9.70577621459961,-4.578278064727783
6.570000171661377,9.698482513427734,-4.587466239929199
6.574999809265137,9.761160850524902,-4.610435485839844
6.579999923706055,9.84804916381836,-4.610435485839844
6.585000038146973,9.807263374328613,-4.615029811859131
6.590000152587891,9.800586700439453,-4.615029335021973
6.59499979019165,9.796462059020996,-4.601247787475586
6.599999904632568,9.75522518157959,-4.596653938293457
6.605000019073486,9.734784126281738,-4.587466239929199
6.610000133514404,9.723396301269531,-4.58287239074707
6.614999771118164,9.65189266204834,-4.592060089111328
6.619999885559082,9.60275650024414,-4.578278541564941
6.625,9.611051559448242,-4.573684215545654
6.630000114440918,9.55086612701416,-4.559902667999268
6.635000228881836,9.535218238830566,-4.55071496963501
6.639999866485596,9.511201858520508,-4.55071496963501
6.644999980926514,9.553601264953613,-4.532339572906494
6.650000095367432,9.58784294128418,-4.541527271270752
6.65500020980835,9.609395027160645,-4.55071496963501
6.659999847412109,9.704940795898438,-4.573684215545654
6.664999961853027,9.850510597229004,-4.592060089111328
6.670000076293945,9.891581535339355,-4.61962366104126
6.675000190734863,10.050786972045898,-4.637999057769775
6.679999828338623,10.115377426147461,-4.647187232971191
6.684999942779541,10.129570960998535,-4.656374931335449
6.690000057220459,10.09306812286377,-4.660968780517578
6.695000171661377,10.10507869720459,-4.656374931335449
6.699999809265137,9.990767478942871,-4.65178108215332
6.704999923706055,9.977489471435547,-4.637999057769775
6.710000038146973,9.917248725891113,-4.628811359405518
6.715000152587891,9.849828720092773,-4.615029335021973
6.71999979019165,9.843422889709473,-4.605841636657715
6.724999904632568,9.785246849060059,-4.601247787475586
6.730000019073486,9.772286415100098,-4.615029335021973
6.735000133514404,9.772907257080078,-4.605841636657715
6.739999771118164,9.809850692749023,-4.605841636657715
6.744999885559082,9.865495681762695,-4.610435962677002
6.75,9.851423263549805,-4.61962366104126
6.755000114440918,9.907926559448242,-4.624217510223389
6.760000228881836,9.967981338500977,-4.624217510223389
6.764999866485596,10.009513854980469,-4.637999057769775
6.769999980926514,9.988182067871094,-4.642592906951904
6.775000095367432,10.013925552368164,-4.647186756134033
6.78000020980835,10.048221588134766,-4.651780605316162
6.784999847412109,9.998538970947266,-4.642592906951904
6.789999961853027,9.980575561523438,-4.647186756134033
6.795000076293945,9.923405647277832,-4.6334052085876465
6.800000190734863,9.800593376159668,-4.624217510223389
6.804999828338623,9.736682891845703,-4.615029335021973
6.809999942779541,9.642827033996582,-4.596653938293457
6.815000057220459,9.742164611816406,-4.573684215545654
6.820000171661377,9.692298889160156,-4.573684215545654
6.824999809265137,9.673918724060059,-4.592060089111328
6.829999923706055,9.728504180908203,-4.601247787475586
6.835000038146973,9.77964973449707,-4.596653938293457
6.840000152587891,9.80174732208252,-4.610435485839844
6.84499979019165,9.839033126831055,-4.61962366104126
6.849999904632568,9.820878982543945,-4.61962366104126
6.855000019073486,9.793272018432617,-4.615029335021973
6.860000133514404,9.77009105682373,-4.601247787475586
6.864999771118164,9.707001686096191,-4.592060089111328
6.869999885559082,9.65822696685791,-4.58287239074707
6.875,9.556085586547852,-4.573684215545654
6.880000114440918,9.50089168548584,-4.569090366363525
6.885000228881836,9.489940643310547,-4.559902667999268
6.889999866485596,9.548430442810059,-4.546121120452881
6.894999980926514,9.680488586425781,-4.555308818817139
6.900000095367432,9.72098445892334,-4.582871913909912
6.90500020980835,9.781743049621582,-4.601247787475586
6.909999847412109,9.925620079040527,-4.61962366104126
6.914999961853027,9.935162544250488,-4.61962366104126
6.920000076293945,9.907383918762207,-4.624217510223389
6.925000190734863,9.91975212097168,-4.624217510223389
6.929999828338623,9.841612815856934,-4.61962366104126
6.934999942779541,9.739355087280273,-4.615029335021973
6.940000057220459,9.722225189208984,-4.592060089111328
6.945000171661377,9.658933639526367,-4.578278541564941
6.949999809265137,9.589935302734375,-4.5644965171813965
6.954999923706055,9.51059341430664,-4.55071496963501
6.960000038146973,9.48404598236084,-4.541527271270752
6.965000152587891,9.500892639160156,-4.546121120452881
6.96999979019165,9.503767967224121,-4.541527271270752
6.974999904632568,9.567277908325195,-4.555308818817139
6.980000019073486,9.673347473144531,-4.5644965171813965
6.985000133514404,9.778307914733887,-4.578278064727783
6.989999771118164,9.824365615844727,-4.605841636657715
6.994999885559082,9.894704818725586,-4.61962366104126
7,9.95358943939209,-4.61962366104126
7.005000114440918,9.995159149169922,-4.624217510223389
7.010000228881836,9.976912498474121,-4.61962366104126
7.014999866485596,9.927009582519531,-4.624217510223389
7.019999980926514,9.835040092468262,-4.610435485839844
7.025000095367432,9.743700981140137,-4.601247787475586
7.03000020980835,9.63040542602539,-4.596653938293457
7.034999847412109,9.607088088989258,-4.578278541564941
7.039999961853027,9.600849151611328,-4.555308818817139
7.045000076293945,9.577595710754395,-4.55071496963501
7.050000190734863,9.586288452148438,-4.555308818817139
7.054999828338623,9.598936080932617,-4.569090366363525
7.059999942779541,9.66026496887207,-4.569090366363525
7.065000057220459,9.724380493164062,-4.578278064727783
7.070000171661377,9.760027885437012,-4.587466239929199
7.074999809265137,9.82407283782959,-4.601247787475586
7.079999923706055,9.810856819152832,-4.605841636657715
7.085000038146973,9.876629829406738,-4.61962366104126
7.090000152587891,9.827733039855957,-4.61962366104126
7.09499979019165,9.779032707214355,-4.61962366104126
7.099999904632568,9.752010345458984,-4.605841636657715
7.105000019073486,9.770458221435547,-4.601247787475586
7.110000133514404,9.705885887145996,-4.601247787475586
7.114999771118164,9.67617130279541,-4.596653938293457
7.119999885559082,9.66531753540039,-4.587466239929199
7.125,9.71328353881836,-4.596653938293457
7.130000114440918,9.736679077148438,-4.592060089111328
7.135000228881836,9.757624626159668,-4.615029811859131
7.139999866485596,9.788117408752441,-4.61962366104126
7.144999980926514,9.849332809448242,-4.61962366104126
7.150000095367432,9.892804145812988,-4.61962366104126
7.15500020980835,9.891510009765625,-4.61962366104126
7.159999847412109,9.852158546447754,-4.615029811859131
