Time (s),Voltage (V),Voltage (V)
0.009999999776482582,0,0
0.019999999552965164,0,0
0.029999999329447746,0,0
0.03999999910593033,0,0
0.05000000074505806,0,0
0.05999999865889549,0,0
0.07000000029802322,0,0
0.07999999821186066,0,0
0.09000000357627869,0,0
0.10000000149011612,0,0
0.10999999940395355,0,0
0.11999999731779099,0,0
0.12999999523162842,0,0
0.14000000059604645,0,0
0.15000000596046448,0,0.000025156947231153026
0.1599999964237213,0,0.0015848876209929585
0.17000000178813934,0,0
0.18000000715255737,0,0
0.1899999976158142,0,0
0.20000000298023224,0,0
0.20999999344348907,0,0
0.2199999988079071,0,0
0.23000000417232513,0,0
0.23999999463558197,0,0
0.25,0,0
0.25999999046325684,0,0
0.27000001072883606,0,0.000022641252144239843
0.2800000011920929,0,0.0007823810447007418
0.28999999165534973,0,0
0.30000001192092896,0,0
0.3100000023841858,0,0
0.3199999928474426,0,0.000026834075470105745
0.33000001311302185,0,0.0007781882304698229
0.3400000035762787,0,0
0.3499999940395355,0,0
0.36000001430511475,0,0
0.3700000047683716,0,0
0.3799999952316284,0,0
0.38999998569488525,0,0
0.4000000059604645,0,0
0.4099999964237213,0,0
0.41999998688697815,0,0
0.4300000071525574,0,0
0.4399999976158142,0,0
0.44999998807907104,0,0
0.46000000834465027,0,0
0.4699999988079071,0,0
0.47999998927116394,0,0
0.49000000953674316,0,0
0.5,0,0
0.5099999904632568,0,0
0.5199999809265137,0,0
0.5299999713897705,0,0
0.5400000214576721,0,0
0.550000011920929,0,0
0.5600000023841858,0,0
0.5699999928474426,0,0
0.5799999833106995,0,0
0.5899999737739563,0,0
0.6000000238418579,0,0
0.6100000143051147,0,0
0.6200000047683716,0,0
0.6299999952316284,0,0
0.6399999856948853,0,0
0.6499999761581421,0,0
0.6600000262260437,0,0
0.6700000166893005,0,0
0.6800000071525574,0,0
0.6899999976158142,0,0
0.699999988079071,0,0
0.7099999785423279,0,0.00005953810614300892
0.7200000286102295,0,0.0007454841979779303
0.7300000190734863,0,0
0.7400000095367432,0,0
0.75,0,0
0.7599999904632568,0,0
0.7699999809265137,0,0
0.7799999713897705,0,0
0.7900000214576721,0,0
0.800000011920929,0,0
0.8100000023841858,0,0
0.8199999928474426,0,0
0.8299999833106995,0,0
0.8399999737739563,0,0
0.8500000238418579,0,0
0.8600000143051147,0,0
0.8700000047683716,0,0
0.8799999952316284,0,0.00007379370799753815
0.8899999856948853,0,0.0008058608509600163
0.8999999761581421,0,0.0007303900201804936
0.9100000262260437,0,0
0.9200000166893005,0,0
0.9300000071525574,0,0
0.9399999976158142,0,0
0.949999988079071,0,0
0.9599999785423279,0,0
0.9700000286102295,0,0
0.9800000190734863,0,0
0.9900000095367432,0,0
1,0,0
1.0099999904632568,0,0
1.0199999809265137,0,0
1.0299999713897705,0,0.00008637217979412526
1.0399999618530273,0,0.0007186501170508564
1.0499999523162842,0,0
1.059999942779541,0,0
1.0700000524520874,0,0
1.0800000429153442,0,0
1.090000033378601,0,0.00009140356996795163
1.100000023841858,0,0.0008981029968708754
1.1100000143051147,0,0.0014255603309720755
1.1200000047683716,0,0
1.1299999952316284,0,0
1.1399999856948853,0,0
1.149999976158142,0,0.00009643496014177799
1.159999966621399,0,0.0007085873512551188
1.1699999570846558,0,0.00019622418039944023
1.1799999475479126,0,0.0014138204278424382
1.190000057220459,0,0
1.2000000476837158,0,0
1.2100000381469727,0,0
1.2200000286102295,0,0
1.2300000190734863,0,0
1.2400000095367432,0,0
1.25,0,0
1.2599999904632568,0,0
1.2699999809265137,0,0
1.2799999713897705,0,0
1.2899999618530273,0,0.00010817487054737285
1.2999999523162842,0,0.0008058608509600163
1.309999942779541,0,0.0006960088503547013
1.3200000524520874,0,0
1.3300000429153442,0,0
1.340000033378601,0,0
1.350000023841858,0,0
1.3600000143051147,0,0
1.3700000047683716,0,0
1.3799999952316284,0,0
1.3899999856948853,0,0
1.399999976158142,0,0
1.409999966621399,0,0
1.4199999570846558,0,0
1.4299999475479126,0,0
1.440000057220459,0,0
1.4500000476837158,0,0
1.4600000381469727,0,0
1.4700000286102295,0,0
1.4800000190734863,0,0
1.4900000095367432,0,0
1.5,0,0
1.5099999904632568,0,0
1.5199999809265137,0,0
1.5299999713897705,0,0
1.5399999618530273,0,0
1.5499999523162842,0,0
1.559999942779541,0,0
1.5700000524520874,0,0
1.5800000429153442,0,0
1.590000033378601,0,0
1.600000023841858,0,0
1.6100000143051147,0,0
1.6200000047683716,0,0
1.6299999952316284,0,0
1.6399999856948853,0,0
1.649999976158142,0,0
1.659999966621399,0,0
1.6699999570846558,0,0
1.6799999475479126,0,0
1.690000057220459,0,0
1.7000000476837158,0,0
1.7100000381469727,0,0.00014339460176415741
1.7200000286102295,0,0.000661627680528909
1.7300000190734863,0,0
1.7400000095367432,0,0
1.75,0,0
1.7599999904632568,0,0
1.7699999809265137,0,0.00029685196932405233
1.7799999713897705,0,0.0013131926534697413
1.7899999618530273,0,0
1.7999999523162842,0,0
1.809999942779541,0,0
1.8200000524520874,0,0
1.8300000429153442,0,0
1.840000033378601,0,0
1.850000023841858,0,0
1.8600000143051147,0,0
1.8700000047683716,0,0
1.8799999952316284,0,0
1.8899999856948853,0,0
1.899999976158142,0,0
1.909999966621399,0,0
1.9199999570846558,0,0
1.9299999475479126,0,0
1.940000057220459,0,0
1.9500000476837158,0,0
1.9600000381469727,0,0
1.9700000286102295,0,0.0001651972852414474
1.9800000190734863,0,0.0006398250116035342
1.9900000095367432,0,0
2,0,0
2.009999990463257,0,0
2.0199999809265137,0,0
2.0299999713897705,0,0
2.0399999618530273,0,0
2.049999952316284,0,0
2.059999942779541,0,0
2.069999933242798,0,0
2.0799999237060547,0,0
2.0899999141693115,0,0
2.0999999046325684,0,0
2.109999895095825,0,0
2.119999885559082,0,0
2.130000114440918,0,0
2.140000104904175,0,0
2.1500000953674316,0,0
2.1600000858306885,0,0
2.1700000762939453,0,0
2.180000066757202,0,0.00018280713993590325
2.190000057220459,0,0.0006222151569090784
2.200000047683716,0,0.000368968554539606
2.2100000381469727,0,0.0012410760391503572
2.2200000286102295,0,0
2.2300000190734863,0,0
2.240000009536743,0,0
2.25,0,0
2.259999990463257,0,0
2.2699999809265137,0,0
2.2799999713897705,0,0
2.2899999618530273,0,0
2.299999952316284,0,0
2.309999942779541,0,0
2.319999933242798,0,0
2.3299999237060547,0,0
2.3399999141693115,0,0
2.3499999046325684,0,0
2.359999895095825,0,0
2.369999885559082,0,0
2.380000114440918,0,0
2.390000104904175,0,0
2.4000000953674316,0,0
2.4100000858306885,0,0
2.4200000762939453,0,0
2.430000066757202,0,0
2.440000057220459,0,0
2.450000047683716,0,0
2.4600000381469727,0,0
2.4700000286102295,0,0
2.4800000190734863,0,0
2.490000009536743,0,0
2.5,0,0
2.509999990463257,0,0
2.5199999809265137,0,0
2.5299999713897705,0,0
2.5399999618530273,0,0
2.549999952316284,0,0
2.559999942779541,0,0
2.569999933242798,0,0
2.5799999237060547,0,0
2.5899999141693115,0,0
2.5999999046325684,0,0
2.609999895095825,0,0
2.619999885559082,0,0
2.630000114440918,0,0
2.640000104904175,0,0
2.6500000953674316,0,0
2.6600000858306885,0,0
2.6700000762939453,0,0
2.680000066757202,0,0
2.690000057220459,0,0
2.700000047683716,0,0
2.7100000381469727,0,0
2.7200000286102295,0,0
2.7300000190734863,0,0
2.740000009536743,0,0
2.75,0,0
2.759999990463257,0,0
2.7699999809265137,0,0
2.7799999713897705,0,0
2.7899999618530273,0,0
2.799999952316284,0,0
2.809999942779541,0,0
2.819999933242798,0,0
2.8299999237060547,0,0
2.8399999141693115,0,0
2.8499999046325684,0,0
2.859999895095825,0,0
2.869999885559082,0,0
2.880000114440918,0,0
2.890000104904175,0,0
2.9000000953674316,0,0
2.9100000858306885,0,0
2.9200000762939453,0,0
2.930000066757202,0,0
2.940000057220459,0,0
2.950000047683716,0,0
2.9600000381469727,0,0
2.9700000286102295,0,0
2.9800000190734863,0,0
2.990000009536743,0,0
3,0,0
3.009999990463257,0,0
3.0199999809265137,0,0
3.0299999713897705,0,0
3.0399999618530273,0,0
3.049999952316284,0,0
3.059999942779541,0,0
3.069999933242798,0,0
3.0799999237060547,0,0
3.0899999141693115,0,0
3.0999999046325684,0,0
3.109999895095825,0,0
3.119999885559082,0,0
3.130000114440918,0,0
3.140000104904175,0,0
3.1500000953674316,0,0
3.1600000858306885,0,0
3.1700000762939453,0,0
3.180000066757202,0,0
3.190000057220459,0,0
3.200000047683716,0,0
3.2100000381469727,0,0
3.2200000286102295,0,0
3.2300000190734863,0,0
3.240000009536743,0,0
3.25,0,0
3.259999990463257,0,0
3.2699999809265137,0,0
3.2799999713897705,0,0
3.2899999618530273,0.6880642771720886,0.3437562584877014
3.299999952316284,2.009816884994507,1.0038259029388428
3.309999942779541,2.009816884994507,1.0032967329025269
3.319999933242798,2.009816884994507,1.0032967329025269
3.3299999237060547,2.0100960731506348,1.0032967329025269
3.3399999141693115,2.010342597961426,1.0035768747329712
3.3499999046325684,2.0050413608551025,1.0041025876998901
3.359999895095825,2.0009071826934814,1.001566767692566
3.369999885559082,2.009816884994507,0.9991105794906616
3.380000114440918,2.0092501640319824,1.0032967329025269
3.390000104904175,2.0062153339385986,1.0032967329025269
3.4000000953674316,2.0008535385131836,1.0032967329025269
3.4100000858306885,2.0023040771484375,1.0035827159881592
3.4200000762939453,2.01062273979187,1.0032422542572021
3.430000066757202,2.01062273979187,1.0022603273391724
3.440000057220459,2.008026599884033,1.0009889602661133
3.450000047683716,2.0059738159179688,0.9991642832756042
3.4600000381469727,2.01062273979187,1.0027164220809937
3.4700000286102295,2.005385160446167,0.9996481537818909
3.4800000190734863,2.0010781288146973,0.99808669090271
3.490000009536743,2.007768154144287,1.0022703409194946
3.5,2.006230354309082,1.0032967329025269
3.509999990463257,2.0101113319396973,1.0035910606384277
3.5199999809265137,2.01062273979187,1.0038074254989624
3.5299999713897705,2.0055904388427734,1.0032967329025269
3.5399999618530273,2.001969575881958,1.0035935640335083
3.549999952316284,2.01062273979187,1.0038049221038818
3.559999942779541,2.008831739425659,1.0032967329025269
3.569999933242798,2.0051889419555664,1.0032967329025269
3.5799999237060547,2.006577491760254,1.0035969018936157
3.5899999141693115,2.01062273979187,1.0038015842437744
3.5999999046325684,2.01062273979187,1.0032967329025269
3.609999895095825,2.01062273979187,1.0032967329025269
3.619999885559082,2.0081942081451416,1.0032967329025269
3.630000114440918,2.0066111087799072,1.0032967329025269
3.640000104904175,2.0060441493988037,1.0032967329025269
3.6500000953674316,2.0022077560424805,1.0032967329025269
3.6600000858306885,2.0042152404785156,1.0032967329025269
3.6700000762939453,2.002653121948242,1.0032967329025269
3.680000066757202,2.01062273979187,1.0032967329025269
3.690000057220459,2.0050530433654785,1.0032967329025269
3.700000047683716,2.001702070236206,1.001745343208313
3.7100000381469727,2.01062273979187,1.000822901725769
3.7200000286102295,2.0071914196014404,1.0032967329025269
3.7300000190734863,1.999881625175476,1.003609538078308
3.740000009536743,1.9966094493865967,1.0012799501419067
3.75,1.9970605373382568,0.999365508556366
3.759999990463257,2.0013725757598877,1.0036120414733887
3.7699999809265137,2.0076844692230225,1.0037864446640015
3.7799999713897705,2.007452964782715,1.0036137104034424
3.7899999618530273,2.0003395080566406,1.0041025876998901
3.799999952316284,2.002340078353882,1.0041025876998901
3.809999942779541,2.009664297103882,1.003783106803894
3.819999933242798,2.0091662406921387,1.0032967329025269
3.8299999237060547,2.0103015899658203,1.0007272958755493
3.8399999141693115,2.010138988494873,0.9994258880615234
3.8499999046325684,2.01062273979187,1.0032967329025269
3.859999895095825,2.01062273979187,1.0032967329025269
3.869999885559082,2.0073776245117188,1.0032967329025269
3.880000114440918,2.0054924488067627,1.0016698837280273
3.890000104904175,2.0101430416107178,1.0008984804153442
3.9000000953674316,2.00931453704834,1.0032967329025269
3.9100000858306885,2.0037925243377686,1.0032967329025269
3.9200000762939453,2.0034656524658203,1.0032967329025269
3.930000066757202,2.0050203800201416,1.0036262273788452
3.940000057220459,2.0015485286712646,1.0037721395492554
3.950000047683716,2.003899097442627,1.0032967329025269
3.9600000381469727,2.003041982650757,1.0032967329025269
3.9700000286102295,2.01062273979187,1.002963900566101
3.9800000190734863,2.01062273979187,1.0031583309173584
3.990000009536743,2.01062273979187,1.002095103263855
4,2.008274793624878,1.0012799501419067
4.010000228881836,2.001955509185791,1.0041025876998901
4.019999980926514,2.003122568130493,1.0037654638290405
4.03000020980835,2.005215644836426,1.002620816230774
4.039999961853027,1.9970513582229614,1.0020238161087036
4.050000190734863,1.9995135068893433,1.0024908781051636
4.059999942779541,2.0017926692962646,1.0011290311813354
4.070000171661377,2.0036542415618896,1.0009738206863403
4.079999923706055,2.0085699558258057,1.0032967329025269
4.090000152587891,2.0016720294952393,1.0032967329025269
4.099999904632568,2.0023059844970703,1.0032967329025269
4.110000133514404,2.0044190883636475,1.0032967329025269
4.119999885559082,2.002336025238037,1.0032967329025269
4.130000114440918,2.01062273979187,1.0029504299163818
4.139999866485596,2.01062273979187,1.0011022090911865
4.150000095367432,2.0050547122955322,1.0010074377059937
4.159999847412109,2.003310441970825,1.0032967329025269
4.170000076293945,2.01062273979187,1.0032967329025269
4.179999828338623,2.01062273979187,1.0004925727844238
4.190000057220459,2.01062273979187,0.9996606707572937
4.199999809265137,2.008509635925293,1.0032967329025269
4.210000038146973,2.0079057216644287,1.0032967329025269
4.21999979019165,2.01062273979187,1.0036506652832031
4.230000019073486,2.0053019523620605,1.003747820854187
4.239999771118164,2.0038681030273438,1.0032967329025269
4.25,2.01062273979187,1.0036531686782837
4.260000228881836,2.004192590713501,1.0041025876998901
4.269999980926514,1.9982657432556152,1.0037444829940796
4.28000020980835,2.0052592754364014,1.0025789737701416
4.289999961853027,2.0084643363952637,1.0024044513702393
4.300000190734863,2.0054268836975098,1.0032967329025269
4.309999942779541,2.007511854171753,1.0032967329025269
4.320000171661377,2.01062273979187,1.0032967329025269
4.329999923706055,2.01062273979187,1.000391960144043
4.340000152587891,2.01062273979187,0.9997613430023193
4.349999904632568,2.01062273979187,1.0036615133285522
4.360000133514404,2.01062273979187,1.00081205368042
4.369999885559082,2.01062273979187,1.0001479387283325
4.380000114440918,2.0076844692230225,1.0041025876998901
4.389999866485596,2.006016492843628,1.0037344694137573
4.400000095367432,2.009312152862549,1.0036656856536865
4.409999847412109,2.01062273979187,1.0041025876998901
4.420000076293945,2.003951072692871,1.0037319660186768
4.429999828338623,2.0024325847625732,1.0029252767562866
4.440000057220459,2.009816884994507,1.0010015964508057
4.449999809265137,2.0045926570892334,1.0011332035064697
4.460000038146973,2.00339674949646,1.0032967329025269
4.46999979019165,2.009385824203491,1.0036715269088745
4.480000019073486,2.009816884994507,1.0018484592437744
4.489999771118164,2.009816884994507,1.0011500120162964
4.5,2.009816884994507,1.0002778768539429
4.510000228881836,2.0094387531280518,0.9998754262924194
4.519999980926514,2.009390115737915,1.002917766571045
4.53000020980835,2.0044987201690674,1.0032505989074707
4.539999961853027,2.003484010696411,1.000676155090332
4.550000190734863,2.0048141479492188,0.9968498349189758
4.559999942779541,2.004735231399536,1.000291347503662
4.570000171661377,2.010200262069702,1.0037193298339844
4.579999923706055,2.0102386474609375,1.0036808252334595
4.590000152587891,2.0102016925811768,1.0041025876998901
4.599999904632568,2.0094656944274902,1.0037168264389038
4.610000133514404,2.0078184604644775,1.00368332862854
4.619999885559082,2.0019755363464355,1.0041025876998901
4.630000114440918,2.0023293495178223,1.0029377937316895
4.639999866485596,2.0090110301971436,1.0024632215499878
4.650000095367432,2.0097908973693848,1.0032967329025269
4.659999847412109,2.009841203689575,1.0001705884933472
4.670000076293945,2.0090110301971436,1.0003743171691895
4.679999828338623,2.0070488452911377,1.0041025876998901
4.690000057220459,2.0073413848876953,1.0005630254745483
4.699999809265137,2.009422779083252,1.0000028610229492
4.710000038146973,2.0086159706115723,1.0036916732788086
4.71999979019165,2.001476526260376,1.0044983625411987
4.730000019073486,1.9968852996826172,1.004511833190918
4.739999771118164,2.0045080184936523,1.0041025876998901
4.75,2.009418487548828,1.003704309463501
4.760000228881836,2.0094101428985596,1.0036958456039429
4.769999980926514,2.009816884994507,1.0041025876998901
4.78000020980835,2.0074119567871094,1.0004950761795044
4.789999961853027,2.004580020904541,1.000464916229248
4.800000190734863,2.0065908432006836,1.0041025876998901
4.809999942779541,2.0098178386688232,1.0041025876998901
4.820000171661377,2.010218620300293,1.0041025876998901
4.829999923706055,2.009816884994507,1.0041025876998901
4.840000152587891,2.0073816776275635,1.0041025876998901
4.849999904632568,2.0074219703674316,1.0041025876998901
4.860000133514404,2.0094094276428223,1.0041025876998901
4.869999885559082,2.0086026191711426,1.0036941766738892
4.880000114440918,2.009023666381836,1.0000230073928833
4.889999866485596,2.009816884994507,1.0005403757095337
4.900000095367432,2.0061187744140625,1.0041025876998901
4.909999847412109,1.9988585710525513,1.0041025876998901
4.920000076293945,2.0023250579833984,1.0041025876998901
4.929999828338623,2.0098378658294678,1.0028623342514038
4.940000057220459,2.0064802169799805,1.0029277801513672
4.949999809265137,2.0062999725341797,1.0003668069839478
4.960000038146973,2.010232925415039,0.9993454217910767
4.96999979019165,2.004371166229248,1.0029352903366089
4.980000019073486,2.0043814182281494,1.002849817276001
4.989999771118164,2.009816884994507,0.9991743564605713
5,2.0073013305664062,1.000623345375061
5.010000228881836,2.007502555847168,1.0036824941635132
5.019999980926514,2.0102379322052,1.0037176609039307
5.03000020980835,2.0034523010253906,1.0041025876998901
5.039999961853027,2.003685235977173,1.0002988576889038
5.050000190734863,2.0064291954040527,1.0006611347198486
5.059999942779541,2.0067646503448486,1.0041025876998901
5.070000171661377,2.0093917846679688,1.0002762079238892
5.079999923706055,2.0090110301971436,1.0006837844848633
5.090000152587891,2.0094377994537354,1.0041025876998901
5.099999904632568,2.0093891620635986,1.0041025876998901
5.110000133514404,2.0090110301971436,1.0041025876998901
5.119999885559082,2.0094404220581055,1.0041025876998901
5.130000114440918,2.010246992111206,1.0041025876998901
5.139999866485596,2.01062273979187,1.0028095245361328
5.150000095367432,2.0028491020202637,1.0029805898666382
5.159999847412109,2.0030405521392822,1.0041025876998901
5.170000076293945,2.006843328475952,1.0041025876998901
5.179999828338623,2.0058505535125732,1.0041025876998901
5.190000057220459,2.0009355545043945,1.0001856088638306
5.199999809265137,2.003530263900757,1.0007742643356323
5.210000038146973,2.0093798637390137,1.0041025876998901
5.21999979019165,2.009448766708374,1.0041025876998901
5.230000019073486,2.009816884994507,1.0005940198898315
5.239999771118164,2.009816884994507,1.0011709928512573
5.25,2.0093765258789062,1.003662347793579
5.260000228881836,2.0090110301971436,1.0015324354171753
5.269999980926514,2.0090110301971436,1.0018409490585327
5.28000020980835,2.0090110301971436,1.0037394762039185
5.289999961853027,2.0090110301971436,1.000110149383545
5.300000190734863,2.0090110301971436,0.9968498349189758
5.309999942779541,2.0090110301971436,0.9968498349189758
5.320000171661377,2.0090110301971436,0.9968498349189758
5.329999923706055,2.009458065032959,1.0008723735809326
5.340000152587891,2.009816884994507,1.0041025876998901
5.349999904632568,2.009816884994507,1.0041025876998901
5.360000133514404,2.009816884994507,1.000057339668274
5.369999885559082,2.009366512298584,1.0009026527404785
5.380000114440918,2.0094621181488037,1.0009444952011108
5.389999866485596,2.009816884994507,1.001625418663025
5.400000095367432,2.0102696418762207,1.0009328126907349
5.409999847412109,2.01016902923584,0.9975542426109314
5.420000076293945,2.009816884994507,1.0009403228759766
5.429999828338623,2.009361505508423,1.0041025876998901
5.440000057220459,2.0007998943328857,1.0041025876998901
5.449999809265137,2.0027318000793457,1.0041025876998901
5.460000038146973,2.00076961517334,1.0041025876998901
5.46999979019165,1.9967989921569824,1.0041025876998901
5.480000019073486,2.005427837371826,1.0036430358886719
5.489999771118164,2.010162353515625,1.003757119178772
5.5,2.0093557834625244,1.0041025876998901
5.510000228881836,2.0011560916900635,0.9999441504478455
5.519999980926514,1.9953113794326782,1.0010157823562622
5.53000020980835,2.0008761882781982,1.0041025876998901
5.539999961853027,2.0082337856292725,1.0041025876998901
5.550000190734863,2.010157346725464,1.0041025876998901
5.559999942779541,2.0018906593322754,1.0041025876998901
5.570000171661377,2.0003209114074707,1.0041025876998901
5.579999923706055,2.0033700466156006,1.0041025876998901
5.590000152587891,2.0066514015197754,1.0041025876998901
5.599999904632568,2.001027822494507,1.0036330223083496
5.610000133514404,2.003779172897339,1.0032967329025269
5.619999885559082,2.0102882385253906,1.0009403228759766
5.630000114440918,2.01062273979187,1.0016279220581055
5.639999866485596,2.0101497173309326,1.0032967329025269
5.650000095367432,2.009343147277832,1.0032967329025269
5.659999847412109,2.009960412979126,1.0037713050842285
5.670000076293945,2.009671688079834,1.003627061843872
5.679999828338623,2.0085346698760986,1.0032967329025269
5.690000057220459,2.0086822509765625,1.0032967329025269
5.699999809265137,2.0090110301971436,1.0037747621536255
5.710000038146973,2.0094897747039795,1.0036237239837646
5.71999979019165,2.009816884994507,1.0032967329025269
5.730000019073486,2.009336471557617,1.0028162002563477
5.739999771118164,2.0061230659484863,1.0034534931182861
5.75,2.000800609588623,1.0041025876998901
5.760000228881836,2.0052969455718994,1.0041025876998901
5.769999980926514,2.009816884994507,1.0036187171936035
5.78000020980835,2.0093321800231934,1.0037814378738403
5.789999961853027,2.0090110301971436,1.0041025876998901
5.800000190734863,2.009983777999878,1.003616213798523
5.809999942779541,2.0101356506347656,1.0032967329025269
5.820000171661377,2.0005440711975098,1.0032967329025269
5.829999923706055,1.9969499111175537,1.0032967329025269
5.840000152587891,2.0053908824920654,1.0003583431243896
5.849999904632568,2.0029489994049072,1.001404881477356
5.860000133514404,2.0054144859313965,1.0032967329025269
5.869999885559082,2.009324550628662,1.003788948059082
5.880000114440918,2.0090110301971436,1.003609538078308
5.889999866485596,2.0050597190856934,1.0032967329025269
5.900000095367432,2.0065221786499023,1.0032967329025269
5.909999847412109,2.0090110301971436,1.0032967329025269
5.920000076293945,2.005039691925049,1.0032967329025269
5.929999828338623,1.9985860586166382,1.0037939548492432
5.940000057220459,2.0050830841064453,1.0041025876998901
5.949999809265137,2.0026395320892334,1.0041025876998901
5.960000038146973,2.005725622177124,1.0041025876998901
5.96999979019165,2.010122060775757,1.0041025876998901
5.980000019073486,2.0088138580322266,1.0041025876998901
5.989999771118164,2.0006706714630127,1.0041025876998901
6,2.0046706199645996,1.0041025876998901
6.010000228881836,2.002761125564575,1.0041025876998901
6.019999980926514,2.0061070919036865,1.0041025876998901
6.03000020980835,0.7490144968032837,0.37405693531036377
6.039999961853027,0,0
6.050000190734863,0,0
6.059999942779541,0,0
6.070000171661377,0,0
6.079999923706055,0,0
6.090000152587891,0,0
6.099999904632568,0,0
6.110000133514404,0,0
6.119999885559082,0,0
6.130000114440918,0,0
6.139999866485596,0,0
6.150000095367432,0,0
6.159999847412109,0,0
6.170000076293945,0,0
6.179999828338623,0,0
6.190000057220459,0,0
6.199999809265137,0,0
6.210000038146973,0,0
6.21999979019165,0,0
6.230000019073486,0,0
6.239999771118164,0,0
6.25,0,0
6.260000228881836,0,0
6.269999980926514,0,0
6.28000020980835,0,0
6.289999961853027,0,0
6.300000190734863,0,0
6.309999942779541,0,0
6.320000171661377,0,0
6.329999923706055,0,0
6.340000152587891,0,0
6.349999904632568,0,0
6.360000133514404,0,0
6.369999885559082,0,0
6.380000114440918,0,0
6.389999866485596,0,0
6.400000095367432,0,0
6.409999847412109,0,0
6.420000076293945,0,0
6.429999828338623,0,0
6.440000057220459,0,0
6.449999809265137,0,0
6.460000038146973,0,0
6.46999979019165,0,0
6.480000019073486,0,0
6.489999771118164,0,0
6.5,0,0
6.510000228881836,0,0
6.519999980926514,0,0
6.53000020980835,0,0
6.539999961853027,0,0
6.550000190734863,0,0
6.559999942779541,0,0
6.570000171661377,0,0
6.579999923706055,0,0
6.590000152587891,0,0
6.599999904632568,0,0
6.610000133514404,0,0
6.619999885559082,0,0
6.630000114440918,0,0
6.639999866485596,0,0
6.650000095367432,0,0
6.659999847412109,0,0.0005584842292591929
6.670000076293945,0,0.0002465380821377039
6.679999828338623,0,0
6.690000057220459,0,0
6.699999809265137,0,0
6.710000038146973,0,0
6.71999979019165,0,0
6.730000019073486,0,0.0005643541808240116
6.739999771118164,0,0.00024066811602097005
6.75,0,0
6.760000228881836,0,0.0005668698577210307
6.769999980926514,0,0.00023815242457203567
6.78000020980835,0,0
6.789999961853027,0,0
6.800000190734863,0,0
6.809999942779541,0,0
6.820000171661377,0,0.0005719012697227299
6.829999923706055,0,0.00023312104167416692
6.840000152587891,0,0
6.849999904632568,0,0
6.860000133514404,0,0.0005752554861828685
6.869999885559082,0,0.0013819548767060041
6.880000114440918,0,0.0004578564257826656
6.889999866485596,0,0
6.900000095367432,0,0
6.909999847412109,0,0
6.920000076293945,0,0
6.929999828338623,0,0
6.940000057220459,0,0
6.949999809265137,0,0
6.960000038146973,0,0
6.96999979019165,0,0
6.980000019073486,0,0.0011706366203725338
6.989999771118164,0,0.0004394080024212599
7,0,0
7.010000228881836,0,0
7.019999980926514,0,0.0005886725266464055
7.03000020980835,0,0.0008058608509600163
7.039999961853027,0,0.00021551117242779583
7.050000190734863,0,0
7.059999942779541,0,0
7.070000171661377,0,0
7.079999923706055,0,0
7.090000152587891,0,0
7.099999904632568,0,0
7.110000133514404,0,0
7.119999885559082,0,0
7.130000114440918,0,0
7.139999866485596,0,0.0005987353506498039
7.150000095367432,0,0.00020628696074709296
7.159999847412109,0,0
7.170000076293945,0,0
7.179999828338623,0,0
7.190000057220459,0,0.0006029281648807228
7.199999809265137,0,0.00020209413196425885
7.210000038146973,0,0.0006046053022146225
7.21999979019165,0,0.00020041700918227434
7.230000019073486,0,0
7.239999771118164,0,0
7.25,0,0
7.260000228881836,0,0
7.269999980926514,0,0
7.28000020980835,0,0
7.289999961853027,0,0
7.300000190734863,0,0
7.309999942779541,0,0
7.320000171661377,0,0
7.329999923706055,0,0
7.340000152587891,0,0
7.349999904632568,0,0
7.360000133514404,0,0
7.369999885559082,0,0
7.380000114440918,0,0
7.389999866485596,0,0
7.400000095367432,0,0
7.409999847412109,0,0
7.420000076293945,0,0
7.429999828338623,0,0
7.440000057220459,0,0
7.449999809265137,0,0
7.460000038146973,0,0
7.46999979019165,0,0
7.480000019073486,0,0
7.489999771118164,0,0
7.5,0,0
7.510000228881836,0,0
7.519999980926514,0,0
7.53000020980835,0,0
7.539999961853027,0,0
7.550000190734863,0,0
7.559999942779541,0,0
7.570000171661377,0,0
7.579999923706055,0,0
7.590000152587891,0,0
7.599999904632568,0,0
7.610000133514404,0,0.0006381478742696345
7.619999885559082,0,0.0001668744080234319
7.630000114440918,0,0
7.639999866485596,0,0
7.650000095367432,0,0
7.659999847412109,0,0
7.670000076293945,0,0
7.679999828338623,0,0
7.690000057220459,0,0
7.699999809265137,0,0
7.710000038146973,0,0
7.71999979019165,0,0
7.730000019073486,0,0.000648210640065372
7.739999771118164,0,0.00015681162767577916
7.75,0,0
7.760000228881836,0,0
7.769999980926514,0,0
7.78000020980835,0,0
7.789999961853027,0,0
7.800000190734863,0,0
7.809999942779541,0,0
7.820000171661377,0,0
7.829999923706055,0,0
7.840000152587891,0,0
7.849999904632568,0,0
7.860000133514404,0,0
7.869999885559082,0,0
7.880000114440918,0,0
7.889999866485596,0,0
7.900000095367432,0,0
7.909999847412109,0,0
7.920000076293945,0,0
7.929999828338623,0,0.0006649819551967084
7.940000057220459,0,0.00014004034164827317
7.949999809265137,0,0
7.960000038146973,0,0
7.96999979019165,0,0
7.980000019073486,0,0
7.989999771118164,0,0
8,0,0
8.010000228881836,0,0
8.020000457763672,0,0
8.029999732971191,0,0.0006733675836585462
8.039999961853027,0,0.00013165468408260494
8.050000190734863,0,0
8.0600004196167,0,0
8.069999694824219,0,0
8.079999923706055,0,0.0006775603978894651
8.09000015258789,0,0.00012746185529977083
8.100000381469727,0,0
8.109999656677246,0,0
8.119999885559082,0,0
8.130000114440918,0,0
8.140000343322754,0,0
8.149999618530273,0,0
8.15999984741211,0,0
8.170000076293945,0,0
8.180000305175781,0,0
8.1899995803833,0,0
8.199999809265137,0,0
8.210000038146973,0,0
8.220000267028809,0,0
8.229999542236328,0,0
8.239999771118164,0,0
8.25,0,0
8.260000228881836,0,0
8.270000457763672,0,0
8.279999732971191,0,0
8.289999961853027,0,0
8.300000190734863,0,0
8.3100004196167,0,0.0006968473899178207
8.319999694824219,0,0.0008058608509600163
8.329999923706055,0,0.00010733630188042298
8.34000015258789,0,0
8.350000381469727,0,0
8.359999656677246,0,0
8.369999885559082,0,0
8.380000114440918,0,0
8.390000343322754,0,0
8.399999618530273,0,0
8.40999984741211,0,0
8.420000076293945,0,0
8.430000305175781,0,0
8.4399995803833,0,0.001415497506968677
8.449999809265137,0,0.00019454705761745572
8.460000038146973,0,0
8.470000267028809,0,0
8.479999542236328,0,0.000711103028152138
8.489999771118164,0,0.00009391926869284362
8.5,0,0.0007127801654860377
8.510000228881836,0,0.0000922421386349015
8.520000457763672,0,0
8.529999732971191,0,0
8.539999961853027,0,0
8.550000190734863,0,0.0014339459594339132
8.5600004196167,0,0.00017609861970413476
8.569999694824219,0,0.0007186501170508564
8.579999923706055,0,0.00008637217979412526
8.59000015258789,0,0.0007203272543847561
8.600000381469727,0,0.00008469504973618314
8.609999656677246,0,0
8.619999885559082,0,0
8.630000114440918,0,0
8.640000343322754,0,0
8.649999618530273,0,0
8.65999984741211,0,0
8.670000076293945,0,0
8.680000305175781,0,0.0007278743432834744
8.6899995803833,0,0.0000771479681134224
8.699999809265137,0,0
8.710000038146973,0,0
8.720000267028809,0,0
8.729999542236328,0,0
8.739999771118164,0,0
8.75,0,0
8.760000228881836,0,0
8.770000457763672,0,0
8.779999732971191,0,0
8.789999961853027,0,0
8.800000190734863,0,0
8.8100004196167,0,0
8.819999694824219,0,0
8.829999923706055,0,0
8.84000015258789,0,0
8.850000381469727,0,0.0007421299233101308
8.859999656677246,0,0.00006289236625889316
8.869999885559082,0,0
8.880000114440918,0,0
8.890000343322754,0,0
8.899999618530273,0,0
8.90999984741211,0,0.00074716133531183
8.920000076293945,0,0.000057860976085066795
8.930000305175781,0,0
8.9399995803833,0,0
8.949999809265137,0,0
8.960000038146973,0,0
8.970000267028809,0,0
8.979999542236328,0,0
8.989999771118164,0,0
9,0,0
9.010000228881836,0,0
9.020000457763672,0,0
9.029999732971191,0,0
9.039999961853027,0,0
9.050000190734863,0,0
9.0600004196167,0,0.0007597397780045867
9.069999694824219,0,0.000045282504288479686
9.079999923706055,0,0
9.09000015258789,0,0
9.100000381469727,0,0
9.109999656677246,0,0
9.119999885559082,0,0
9.130000114440918,0,0
9.140000343322754,0,0
9.149999618530273,0,0
9.15999984741211,0,0
9.170000076293945,0,0
9.180000305175781,0,0
9.1899995803833,0,0.0007706411415711045
9.199999809265137,0,0.00003438115891185589
9.210000038146973,0,0
9.220000267028809,0,0
9.229999542236328,0,0
9.239999771118164,0,0
9.25,0,0
9.260000228881836,0,0
9.270000457763672,0,0
9.279999732971191,0,0
9.289999961853027,0,0
9.300000190734863,0,0
9.3100004196167,0,0
9.319999694824219,0,0
9.329999923706055,0,0
9.34000015258789,0,0
9.350000381469727,0,0
9.359999656677246,0,0
9.369999885559082,0,0
9.380000114440918,0,0
9.390000343322754,0,0
9.399999618530273,0,0
9.40999984741211,0,0
9.420000076293945,0,0
9.430000305175781,0,0
9.4399995803833,0,0
9.449999809265137,0,0
9.460000038146973,0,0
9.470000267028809,0,0
9.479999542236328,0,0
9.489999771118164,0,0
9.5,0,0
9.510000228881836,0,0
9.520000457763672,0,0
9.529999732971191,0,0
9.539999961853027,0,0
9.550000190734863,0,0
9.5600004196167,0,0
9.569999694824219,0,0
9.579999923706055,0,0
9.59000015258789,0,0
9.600000381469727,0,0
