index, frame, sample, time, raw[0], cal[0]
0,10,0,0.00998261,44,0.0354579
1,11,0,0.0199652,42,0.0338462
2,12,0,0.0299478,41,0.0330403
3,13,0,0.0399304,42,0.0338462
4,14,0,0.049913,42,0.0338462
5,15,0,0.0598957,41,0.0330403
6,16,0,0.0698783,44,0.0354579
7,17,0,0.0798609,41,0.0330403
8,18,0,0.0898435,43,0.034652
9,19,0,0.0998261,40,0.0322344
10,20,0,0.109809,42,0.0338462
11,21,0,0.119791,41,0.0330403
12,22,0,0.129774,40,0.0322344
13,23,0,0.139757,44,0.0354579
14,24,0,0.149739,42,0.0338462
15,25,0,0.159722,43,0.034652
16,26,0,0.169704,43,0.034652
17,27,0,0.179687,41,0.0330403
18,28,0,0.18967,44,0.0354579
19,29,0,0.199652,44,0.0354579
20,30,0,0.209635,41,0.0330403
21,31,0,0.219617,43,0.034652
22,32,0,0.2296,41,0.0330403
23,33,0,0.239583,42,0.0338462
24,34,0,0.249565,45,0.0362637
25,35,0,0.259548,43,0.034652
26,36,0,0.26953,41,0.0330403
27,37,0,0.279513,43,0.034652
28,38,0,0.289496,44,0.0354579
29,39,0,0.299478,43,0.034652
30,40,0,0.309461,41,0.0330403
31,41,0,0.319443,44,0.0354579
32,42,0,0.329426,42,0.0338462
33,43,0,0.339409,43,0.034652
34,44,0,0.349391,41,0.0330403
35,45,0,0.359374,43,0.034652
36,46,0,0.369357,41,0.0330403
37,47,0,0.379339,43,0.034652
38,48,0,0.389322,44,0.0354579
39,49,0,0.399304,41,0.0330403
40,50,0,0.409287,44,0.0354579
41,51,0,0.41927,44,0.0354579
42,52,0,0.429252,43,0.034652
43,53,0,0.439235,44,0.0354579
44,54,0,0.449217,44,0.0354579
45,55,0,0.4592,43,0.034652
46,56,0,0.469183,42,0.0338462
47,57,0,0.479165,44,0.0354579
48,58,0,0.489148,40,0.0322344
49,59,0,0.49913,43,0.034652
50,60,0,0.509113,44,0.0354579
51,61,0,0.519096,41,0.0330403
52,62,0,0.529078,43,0.034652
53,63,0,0.539061,44,0.0354579
54,64,0,0.549043,42,0.0338462
55,65,0,0.559026,43,0.034652
56,66,0,0.569009,41,0.0330403
57,67,0,0.578991,43,0.034652
58,68,0,0.588974,42,0.0338462
59,69,0,0.598957,44,0.0354579
60,70,0,0.608939,43,0.034652
61,71,0,0.618922,42,0.0338462
62,72,0,0.628904,43,0.034652
63,73,0,0.638887,42,0.0338462
64,74,0,0.64887,43,0.034652
65,75,0,0.658852,42,0.0338462
66,76,0,0.668835,41,0.0330403
67,77,0,0.678817,44,0.0354579
68,78,0,0.6888,44,0.0354579
69,79,0,0.698783,44,0.0354579
70,80,0,0.708765,44,0.0354579
71,81,0,0.718748,42,0.0338462
72,82,0,0.72873,40,0.0322344
73,83,0,0.738713,42,0.0338462
74,84,0,0.748696,41,0.0330403
75,85,0,0.758678,45,0.0362637
76,86,0,0.768661,40,0.0322344
77,87,0,0.778643,43,0.034652
78,88,0,0.788626,44,0.0354579
79,89,0,0.798609,43,0.034652
80,90,0,0.808591,44,0.0354579
81,91,0,0.818574,42,0.0338462
82,92,0,0.828557,42,0.0338462
83,93,0,0.838539,43,0.034652
84,94,0,0.848522,42,0.0338462
85,95,0,0.858504,43,0.034652
86,96,0,0.868487,43,0.034652
87,97,0,0.87847,40,0.0322344
88,98,0,0.888452,41,0.0330403
89,99,0,0.898435,44,0.0354579
90,100,0,0.908417,44,0.0354579
91,101,0,0.9184,42,0.0338462
92,102,0,0.928383,42,0.0338462
93,103,0,0.938365,44,0.0354579
94,104,0,0.948348,40,0.0322344
95,105,0,0.95833,44,0.0354579
96,106,0,0.968313,43,0.034652
97,107,0,0.978296,43,0.034652
98,108,0,0.988278,45,0.0362637
99,109,0,0.998261,44,0.0354579
100,110,0,1.00824,42,0.0338462
101,111,0,1.01823,41,0.0330403
102,112,0,1.02821,41,0.0330403
103,113,0,1.03819,44,0.0354579
104,114,0,1.04817,44,0.0354579
105,115,0,1.05816,43,0.034652
106,116,0,1.06814,43,0.034652
107,117,0,1.07812,40,0.0322344
108,118,0,1.0881,44,0.0354579
109,119,0,1.09809,40,0.0322344
110,120,0,1.10807,43,0.034652
111,121,0,1.11805,44,0.0354579
112,122,0,1.12803,42,0.0338462
113,123,0,1.13802,41,0.0330403
114,124,0,1.148,44,0.0354579
115,125,0,1.15798,41,0.0330403
116,126,0,1.16797,42,0.0338462
117,127,0,1.17795,43,0.034652
118,128,0,1.18793,41,0.0330403
119,129,0,1.19791,43,0.034652
120,130,0,1.2079,40,0.0322344
121,131,0,1.21788,40,0.0322344
122,132,0,1.22786,43,0.034652
123,133,0,1.23784,43,0.034652
124,134,0,1.24783,41,0.0330403
125,135,0,1.25781,40,0.0322344
126,136,0,1.26779,43,0.034652
127,137,0,1.27777,43,0.034652
128,138,0,1.28776,43,0.034652
129,139,0,1.29774,40,0.0322344
130,140,0,1.30772,44,0.0354579
131,141,0,1.3177,42,0.0338462
132,142,0,1.32769,43,0.034652
133,143,0,1.33767,42,0.0338462
134,144,0,1.34765,42,0.0338462
135,145,0,1.35763,43,0.034652
136,146,0,1.36762,43,0.034652
137,147,0,1.3776,45,0.0362637
138,148,0,1.38758,45,0.0362637
139,149,0,1.39757,43,0.034652
140,150,0,1.40755,43,0.034652
141,151,0,1.41753,44,0.0354579
142,152,0,1.42751,42,0.0338462
143,153,0,1.4375,43,0.034652
144,154,0,1.44748,44,0.0354579
145,155,0,1.45746,43,0.034652
146,156,0,1.46744,43,0.034652
147,157,0,1.47743,43,0.034652
148,158,0,1.48741,41,0.0330403
149,159,0,1.49739,42,0.0338462
150,160,0,1.50737,43,0.034652
151,161,0,1.51736,43,0.034652
152,162,0,1.52734,44,0.0354579
153,163,0,1.53732,44,0.0354579
154,164,0,1.5473,40,0.0322344
155,165,0,1.55729,42,0.0338462
156,166,0,1.56727,42,0.0338462
157,167,0,1.57725,41,0.0330403
158,168,0,1.58723,41,0.0330403
159,169,0,1.59722,44,0.0354579
160,170,0,1.6072,44,0.0354579
161,171,0,1.61718,44,0.0354579
162,172,0,1.62717,42,0.0338462
163,173,0,1.63715,43,0.034652
164,174,0,1.64713,42,0.0338462
165,175,0,1.65711,41,0.0330403
166,176,0,1.6671,42,0.0338462
167,10,0,1.67708,112,0.0902564
168,11,0,1.68706,106,0.0854212
169,12,0,1.69704,110,0.0886447
170,13,0,1.70703,109,0.0878388
171,14,0,1.71701,110,0.0886447
172,15,0,1.72699,109,0.0878388
173,16,0,1.73697,106,0.0854212
174,17,0,1.74696,110,0.0886447
175,18,0,1.75694,108,0.087033
176,19,0,1.76692,110,0.0886447
177,20,0,1.7769,109,0.0878388
178,21,0,1.78689,111,0.0894506
179,22,0,1.79687,106,0.0854212
180,23,0,1.80685,105,0.0846154
181,24,0,1.81683,109,0.0878388
182,25,0,1.82682,110,0.0886447
183,26,0,1.8368,112,0.0902564
184,27,0,1.84678,111,0.0894506
185,28,0,1.85677,109,0.0878388
186,29,0,1.86675,112,0.0902564
187,30,0,1.87673,112,0.0902564
188,31,0,1.88671,106,0.0854212
189,32,0,1.8967,110,0.0886447
190,33,0,1.90668,113,0.0910623
191,34,0,1.91666,111,0.0894506
192,35,0,1.92664,107,0.0862271
193,36,0,1.93663,109,0.0878388
194,37,0,1.94661,105,0.0846154
195,38,0,1.95659,112,0.0902564
196,39,0,1.96657,111,0.0894506
197,40,0,1.97656,105,0.0846154
198,41,0,1.98654,111,0.0894506
199,42,0,1.99652,107,0.0862271
200,43,0,2.0065,109,0.0878388
201,44,0,2.01649,105,0.0846154
202,45,0,2.02647,110,0.0886447
203,46,0,2.03645,107,0.0862271
204,47,0,2.04643,107,0.0862271
205,48,0,2.05642,111,0.0894506
206,49,0,2.0664,106,0.0854212
207,50,0,2.07638,112,0.0902564
208,51,0,2.08637,108,0.087033
209,52,0,2.09635,110,0.0886447
210,53,0,2.10633,108,0.087033
211,54,0,2.11631,109,0.0878388
212,55,0,2.1263,110,0.0886447
213,56,0,2.13628,109,0.0878388
214,57,0,2.14626,106,0.0854212
215,58,0,2.15624,106,0.0854212
216,59,0,2.16623,107,0.0862271
217,60,0,2.17621,107,0.0862271
218,61,0,2.18619,111,0.0894506
219,62,0,2.19617,107,0.0862271
220,63,0,2.20616,110,0.0886447
221,64,0,2.21614,109,0.0878388
222,65,0,2.22612,106,0.0854212
223,66,0,2.2361,109,0.0878388
224,67,0,2.24609,105,0.0846154
225,68,0,2.25607,111,0.0894506
226,69,0,2.26605,107,0.0862271
227,70,0,2.27603,112,0.0902564
228,71,0,2.28602,109,0.0878388
229,72,0,2.296,111,0.0894506
230,73,0,2.30598,108,0.087033
231,74,0,2.31597,109,0.0878388
232,75,0,2.32595,109,0.0878388
233,76,0,2.33593,106,0.0854212
234,77,0,2.34591,106,0.0854212
235,78,0,2.3559,111,0.0894506
236,79,0,2.36588,111,0.0894506
237,80,0,2.37586,111,0.0894506
238,81,0,2.38584,112,0.0902564
239,82,0,2.39583,110,0.0886447
240,83,0,2.40581,106,0.0854212
241,84,0,2.41579,110,0.0886447
242,85,0,2.42577,108,0.087033
243,86,0,2.43576,111,0.0894506
244,87,0,2.44574,111,0.0894506
245,88,0,2.45572,108,0.087033
246,89,0,2.4657,108,0.087033
247,90,0,2.47569,105,0.0846154
248,91,0,2.48567,107,0.0862271
249,92,0,2.49565,110,0.0886447
250,93,0,2.50563,109,0.0878388
251,94,0,2.51562,113,0.0910623
252,95,0,2.5256,109,0.0878388
253,96,0,2.53558,111,0.0894506
254,97,0,2.54557,111,0.0894506
255,98,0,2.55555,111,0.0894506
256,99,0,2.56553,110,0.0886447
257,100,0,2.57551,109,0.0878388
258,101,0,2.5855,110,0.0886447
259,102,0,2.59548,105,0.0846154
260,103,0,2.60546,111,0.0894506
261,104,0,2.61544,112,0.0902564
262,105,0,2.62543,111,0.0894506
263,106,0,2.63541,109,0.0878388
264,107,0,2.64539,111,0.0894506
265,108,0,2.65537,111,0.0894506
266,109,0,2.66536,112,0.0902564
267,110,0,2.67534,106,0.0854212
268,111,0,2.68532,112,0.0902564
269,112,0,2.6953,107,0.0862271
270,113,0,2.70529,113,0.0910623
271,114,0,2.71527,108,0.087033
272,115,0,2.72525,112,0.0902564
273,116,0,2.73523,107,0.0862271
274,117,0,2.74522,106,0.0854212
275,118,0,2.7552,109,0.0878388
276,119,0,2.76518,108,0.087033
277,120,0,2.77517,108,0.087033
278,121,0,2.78515,108,0.087033
279,122,0,2.79513,111,0.0894506
280,123,0,2.80511,109,0.0878388
281,124,0,2.8151,106,0.0854212
282,125,0,2.82508,108,0.087033
283,126,0,2.83506,107,0.0862271
284,127,0,2.84504,110,0.0886447
285,128,0,2.85503,111,0.0894506
286,129,0,2.86501,111,0.0894506
287,130,0,2.87499,110,0.0886447
288,131,0,2.88497,106,0.0854212
289,132,0,2.89496,112,0.0902564
290,133,0,2.90494,108,0.087033
291,134,0,2.91492,111,0.0894506
292,135,0,2.9249,111,0.0894506
293,136,0,2.93489,111,0.0894506
294,137,0,2.94487,110,0.0886447
295,138,0,2.95485,109,0.0878388
296,139,0,2.96483,112,0.0902564
297,140,0,2.97482,105,0.0846154
298,141,0,2.9848,111,0.0894506
299,142,0,2.99478,113,0.0910623
300,143,0,3.00477,110,0.0886447
301,144,0,3.01475,108,0.087033
302,145,0,3.02473,109,0.0878388
303,146,0,3.03471,112,0.0902564
304,147,0,3.0447,106,0.0854212
305,148,0,3.05468,110,0.0886447
306,149,0,3.06466,110,0.0886447
307,150,0,3.07464,106,0.0854212
308,151,0,3.08463,106,0.0854212
309,152,0,3.09461,109,0.0878388
310,153,0,3.10459,106,0.0854212
311,154,0,3.11457,111,0.0894506
312,155,0,3.12456,106,0.0854212
313,156,0,3.13454,110,0.0886447
314,157,0,3.14452,105,0.0846154
315,158,0,3.1545,108,0.087033
316,159,0,3.16449,108,0.087033
317,160,0,3.17447,106,0.0854212
318,161,0,3.18445,110,0.0886447
319,162,0,3.19443,108,0.087033
320,163,0,3.20442,110,0.0886447
321,164,0,3.2144,111,0.0894506
322,165,0,3.22438,106,0.0854212
323,166,0,3.23437,108,0.087033
324,10,0,3.24435,202,0.162784
325,11,0,3.25433,200,0.161172
326,12,0,3.26431,202,0.162784
327,13,0,3.2743,199,0.160366
328,14,0,3.28428,201,0.161978
329,15,0,3.29426,203,0.16359
330,16,0,3.30424,195,0.157143
331,17,0,3.31423,201,0.161978
332,18,0,3.32421,203,0.16359
333,19,0,3.33419,199,0.160366
334,20,0,3.34417,203,0.16359
335,21,0,3.35416,200,0.161172
336,22,0,3.36414,200,0.161172
337,23,0,3.37412,201,0.161978
338,24,0,3.3841,204,0.164396
339,25,0,3.39409,202,0.162784
340,26,0,3.40407,196,0.157949
341,27,0,3.41405,196,0.157949
342,28,0,3.42403,200,0.161172
343,29,0,3.43402,201,0.161978
344,30,0,3.444,201,0.161978
345,31,0,3.45398,198,0.15956
346,32,0,3.46397,195,0.157143
347,33,0,3.47395,203,0.16359
348,34,0,3.48393,201,0.161978
349,35,0,3.49391,195,0.157143
350,36,0,3.5039,201,0.161978
351,37,0,3.51388,198,0.15956
352,38,0,3.52386,195,0.157143
353,39,0,3.53384,196,0.157949
354,40,0,3.54383,200,0.161172
355,41,0,3.55381,196,0.157949
356,42,0,3.56379,200,0.161172
357,43,0,3.57377,203,0.16359
358,44,0,3.58376,196,0.157949
359,45,0,3.59374,201,0.161978
360,46,0,3.60372,195,0.157143
361,47,0,3.6137,196,0.157949
362,48,0,3.62369,196,0.157949
363,49,0,3.63367,202,0.162784
364,50,0,3.64365,200,0.161172
365,51,0,3.65363,195,0.157143
366,52,0,3.66362,199,0.160366
367,53,0,3.6736,202,0.162784
368,54,0,3.68358,195,0.157143
369,55,0,3.69357,200,0.161172
370,56,0,3.70355,203,0.16359
371,57,0,3.71353,201,0.161978
372,58,0,3.72351,195,0.157143
373,59,0,3.7335,201,0.161978
374,60,0,3.74348,199,0.160366
375,61,0,3.75346,201,0.161978
376,62,0,3.76344,196,0.157949
377,63,0,3.77343,203,0.16359
378,64,0,3.78341,201,0.161978
379,65,0,3.79339,199,0.160366
380,66,0,3.80337,201,0.161978
381,67,0,3.81336,195,0.157143
382,68,0,3.82334,195,0.157143
383,69,0,3.83332,200,0.161172
384,70,0,3.8433,203,0.16359
385,71,0,3.85329,199,0.160366
386,72,0,3.86327,196,0.157949
387,73,0,3.87325,195,0.157143
388,74,0,3.88323,198,0.15956
389,75,0,3.89322,203,0.16359
390,76,0,3.9032,200,0.161172
391,77,0,3.91318,200,0.161172
392,78,0,3.92317,202,0.162784
393,79,0,3.93315,195,0.157143
394,80,0,3.94313,200,0.161172
395,81,0,3.95311,199,0.160366
396,82,0,3.9631,196,0.157949
397,83,0,3.97308,195,0.157143
398,84,0,3.98306,202,0.162784
399,85,0,3.99304,195,0.157143
400,86,0,4.00303,204,0.164396
401,87,0,4.01301,204,0.164396
402,88,0,4.02299,199,0.160366
403,89,0,4.03297,199,0.160366
404,90,0,4.04296,195,0.157143
405,91,0,4.05294,198,0.15956
406,92,0,4.06292,203,0.16359
407,93,0,4.0729,197,0.158755
408,94,0,4.08289,194,0.156337
409,95,0,4.09287,199,0.160366
410,96,0,4.10285,202,0.162784
411,97,0,4.11283,204,0.164396
412,98,0,4.12282,202,0.162784
413,99,0,4.1328,196,0.157949
414,100,0,4.14278,199,0.160366
415,101,0,4.15277,195,0.157143
416,102,0,4.16275,198,0.15956
417,103,0,4.17273,203,0.16359
418,104,0,4.18271,200,0.161172
419,105,0,4.1927,203,0.16359
420,106,0,4.20268,195,0.157143
421,107,0,4.21266,203,0.16359
422,108,0,4.22264,199,0.160366
423,109,0,4.23263,195,0.157143
424,110,0,4.24261,195,0.157143
425,111,0,4.25259,202,0.162784
426,112,0,4.26257,198,0.15956
427,113,0,4.27256,204,0.164396
428,114,0,4.28254,203,0.16359
429,115,0,4.29252,198,0.15956
430,116,0,4.3025,201,0.161978
431,117,0,4.31249,200,0.161172
432,118,0,4.32247,199,0.160366
433,119,0,4.33245,196,0.157949
434,120,0,4.34243,195,0.157143
435,121,0,4.35242,201,0.161978
436,122,0,4.3624,204,0.164396
437,123,0,4.37238,202,0.162784
438,124,0,4.38237,199,0.160366
439,125,0,4.39235,199,0.160366
440,126,0,4.40233,195,0.157143
441,127,0,4.41231,198,0.15956
442,128,0,4.4223,200,0.161172
443,129,0,4.43228,200,0.161172
444,130,0,4.44226,202,0.162784
445,131,0,4.45224,198,0.15956
446,132,0,4.46223,195,0.157143
447,133,0,4.47221,202,0.162784
448,134,0,4.48219,201,0.161978
449,135,0,4.49217,204,0.164396
450,136,0,4.50216,200,0.161172
451,137,0,4.51214,195,0.157143
452,138,0,4.52212,197,0.158755
453,139,0,4.5321,200,0.161172
454,140,0,4.54209,199,0.160366
455,141,0,4.55207,194,0.156337
456,142,0,4.56205,200,0.161172
457,143,0,4.57203,195,0.157143
458,144,0,4.58202,199,0.160366
459,145,0,4.592,200,0.161172
460,146,0,4.60198,198,0.15956
461,147,0,4.61197,195,0.157143
462,148,0,4.62195,200,0.161172
463,149,0,4.63193,199,0.160366
464,150,0,4.64191,196,0.157949
465,151,0,4.6519,198,0.15956
466,152,0,4.66188,194,0.156337
467,153,0,4.67186,200,0.161172
468,154,0,4.68184,198,0.15956
469,155,0,4.69183,200,0.161172
470,156,0,4.70181,196,0.157949
471,157,0,4.71179,200,0.161172
472,158,0,4.72177,199,0.160366
473,159,0,4.73176,203,0.16359
474,160,0,4.74174,200,0.161172
475,161,0,4.75172,202,0.162784
476,162,0,4.7617,195,0.157143
477,163,0,4.77169,199,0.160366
478,164,0,4.78167,198,0.15956
479,165,0,4.79165,200,0.161172
480,166,0,4.80163,196,0.157949
481,167,0,4.81162,198,0.15956
482,168,0,4.8216,200,0.161172
483,169,0,4.83158,200,0.161172
484,170,0,4.84157,203,0.16359
485,171,0,4.85155,201,0.161978
486,172,0,4.86153,198,0.15956
487,173,0,4.87151,201,0.161978
488,174,0,4.8815,203,0.16359
489,175,0,4.89148,203,0.16359
490,10,0,4.90146,429,0.345714
491,11,0,4.91144,425,0.342491
492,12,0,4.92143,426,0.343297
493,13,0,4.93141,420,0.338462
494,14,0,4.94139,429,0.345714
495,15,0,4.95137,427,0.344103
496,16,0,4.96136,429,0.345714
497,17,0,4.97134,420,0.338462
498,18,0,4.98132,429,0.345714
499,19,0,4.9913,425,0.342491
500,20,0,5.00129,427,0.344103
501,21,0,5.01127,421,0.339267
502,22,0,5.02125,428,0.344908
503,23,0,5.03123,428,0.344908
504,24,0,5.04122,421,0.339267
505,25,0,5.0512,426,0.343297
506,26,0,5.06118,424,0.341685
507,27,0,5.07117,426,0.343297
508,28,0,5.08115,420,0.338462
509,29,0,5.09113,430,0.34652
510,30,0,5.10111,425,0.342491
511,31,0,5.1111,427,0.344103
512,32,0,5.12108,419,0.337656
513,33,0,5.13106,421,0.339267
514,34,0,5.14104,426,0.343297
515,35,0,5.15103,430,0.34652
516,36,0,5.16101,429,0.345714
517,37,0,5.17099,431,0.347326
518,38,0,5.18097,431,0.347326
519,39,0,5.19096,431,0.347326
520,40,0,5.20094,428,0.344908
521,41,0,5.21092,426,0.343297
522,42,0,5.2209,428,0.344908
523,43,0,5.23089,427,0.344103
524,44,0,5.24087,426,0.343297
525,45,0,5.25085,427,0.344103
526,46,0,5.26083,426,0.343297
527,47,0,5.27082,425,0.342491
528,48,0,5.2808,430,0.34652
529,49,0,5.29078,427,0.344103
530,50,0,5.30077,428,0.344908
531,51,0,5.31075,427,0.344103
532,52,0,5.32073,424,0.341685
533,53,0,5.33071,428,0.344908
534,54,0,5.3407,428,0.344908
535,55,0,5.35068,423,0.340879
536,56,0,5.36066,425,0.342491
537,57,0,5.37064,425,0.342491
538,58,0,5.38063,421,0.339267
539,59,0,5.39061,424,0.341685
540,60,0,5.40059,428,0.344908
541,61,0,5.41057,424,0.341685
542,62,0,5.42056,430,0.34652
543,63,0,5.43054,428,0.344908
544,64,0,5.44052,428,0.344908
545,65,0,5.4505,429,0.345714
546,66,0,5.46049,427,0.344103
547,67,0,5.47047,426,0.343297
548,68,0,5.48045,421,0.339267
549,69,0,5.49043,426,0.343297
550,70,0,5.50042,427,0.344103
551,71,0,5.5104,426,0.343297
552,72,0,5.52038,419,0.337656
553,73,0,5.53037,430,0.34652
554,74,0,5.54035,428,0.344908
555,75,0,5.55033,421,0.339267
556,76,0,5.56031,424,0.341685
557,77,0,5.5703,432,0.348132
558,78,0,5.58028,420,0.338462
559,79,0,5.59026,424,0.341685
560,80,0,5.60024,421,0.339267
561,81,0,5.61023,427,0.344103
562,82,0,5.62021,425,0.342491
563,83,0,5.63019,432,0.348132
564,84,0,5.64017,427,0.344103
565,85,0,5.65016,425,0.342491
566,86,0,5.66014,429,0.345714
567,87,0,5.67012,428,0.344908
568,88,0,5.6801,429,0.345714
569,89,0,5.69009,426,0.343297
570,90,0,5.70007,424,0.341685
571,91,0,5.71005,420,0.338462
572,92,0,5.72003,427,0.344103
573,93,0,5.73002,429,0.345714
574,94,0,5.74,430,0.34652
575,95,0,5.74998,420,0.338462
576,96,0,5.75997,425,0.342491
577,97,0,5.76995,425,0.342491
578,98,0,5.77993,425,0.342491
579,99,0,5.78991,431,0.347326
580,100,0,5.7999,419,0.337656
581,101,0,5.80988,419,0.337656
582,102,0,5.81986,426,0.343297
583,103,0,5.82984,430,0.34652
584,104,0,5.83983,425,0.342491
585,105,0,5.84981,426,0.343297
586,106,0,5.85979,428,0.344908
587,107,0,5.86977,422,0.340073
588,108,0,5.87976,431,0.347326
589,109,0,5.88974,428,0.344908
590,110,0,5.89972,430,0.34652
591,111,0,5.9097,426,0.343297
592,112,0,5.91969,425,0.342491
593,113,0,5.92967,426,0.343297
594,114,0,5.93965,426,0.343297
595,115,0,5.94963,430,0.34652
596,116,0,5.95962,431,0.347326
597,117,0,5.9696,428,0.344908
598,118,0,5.97958,426,0.343297
599,119,0,5.98957,428,0.344908
600,120,0,5.99955,430,0.34652
601,121,0,6.00953,431,0.347326
602,122,0,6.01951,431,0.347326
603,123,0,6.0295,427,0.344103
604,124,0,6.03948,429,0.345714
605,125,0,6.04946,428,0.344908
606,126,0,6.05944,430,0.34652
607,127,0,6.06943,419,0.337656
608,128,0,6.07941,429,0.345714
609,129,0,6.08939,425,0.342491
610,130,0,6.09937,425,0.342491
611,131,0,6.10936,422,0.340073
612,132,0,6.11934,421,0.339267
613,133,0,6.12932,425,0.342491
614,134,0,6.1393,424,0.341685
615,135,0,6.14929,426,0.343297
616,136,0,6.15927,428,0.344908
617,137,0,6.16925,427,0.344103
618,138,0,6.17923,431,0.347326
619,139,0,6.18922,424,0.341685
620,140,0,6.1992,428,0.344908
621,141,0,6.20918,431,0.347326
622,142,0,6.21917,429,0.345714
623,143,0,6.22915,425,0.342491
624,144,0,6.23913,431,0.347326
625,145,0,6.24911,425,0.342491
626,146,0,6.2591,426,0.343297
627,147,0,6.26908,425,0.342491
628,148,0,6.27906,424,0.341685
629,149,0,6.28904,429,0.345714
630,150,0,6.29903,424,0.341685
631,151,0,6.30901,431,0.347326
632,152,0,6.31899,429,0.345714
633,153,0,6.32897,426,0.343297
634,154,0,6.33896,429,0.345714
635,155,0,6.34894,426,0.343297
636,156,0,6.35892,426,0.343297
637,157,0,6.3689,430,0.34652
638,158,0,6.37889,420,0.338462
639,159,0,6.38887,427,0.344103
640,160,0,6.39885,428,0.344908
641,161,0,6.40883,428,0.344908
642,162,0,6.41882,428,0.344908
643,163,0,6.4288,425,0.342491
644,164,0,6.43878,426,0.343297
645,165,0,6.44877,421,0.339267
646,166,0,6.45875,429,0.345714
647,167,0,6.46873,420,0.338462
648,168,0,6.47871,432,0.348132
649,169,0,6.4887,429,0.345714
650,170,0,6.49868,425,0.342491
651,171,0,6.50866,424,0.341685
652,172,0,6.51864,427,0.344103
653,173,0,6.52863,429,0.345714
654,174,0,6.53861,421,0.339267
655,175,0,6.54859,426,0.343297
656,176,0,6.55857,430,0.34652
657,177,0,6.56856,432,0.348132
658,178,0,6.57854,424,0.341685
659,179,0,6.58852,426,0.343297
660,180,0,6.5985,429,0.345714
661,181,0,6.60849,426,0.343297
662,182,0,6.61847,427,0.344103
663,183,0,6.62845,420,0.338462
664,184,0,6.63843,427,0.344103
665,185,0,6.64842,429,0.345714
666,186,0,6.6584,429,0.345714
667,187,0,6.66838,431,0.347326
668,188,0,6.67837,427,0.344103
669,189,0,6.68835,428,0.344908
670,190,0,6.69833,425,0.342491
671,191,0,6.70831,427,0.344103
672,192,0,6.7183,419,0.337656
673,10,0,6.72828,651,0.524615
674,11,0,6.73826,657,0.529451
675,12,0,6.74824,663,0.534286
676,13,0,6.75823,662,0.53348
677,14,0,6.76821,651,0.524615
678,15,0,6.77819,664,0.535092
679,16,0,6.78817,650,0.52381
680,17,0,6.79816,661,0.532674
681,18,0,6.80814,661,0.532674
682,19,0,6.81812,659,0.531062
683,20,0,6.8281,657,0.529451
684,21,0,6.83809,663,0.534286
685,22,0,6.84807,656,0.528645
686,23,0,6.85805,661,0.532674
687,24,0,6.86803,656,0.528645
688,25,0,6.87802,659,0.531062
689,26,0,6.888,660,0.531868
690,27,0,6.89798,657,0.529451
691,28,0,6.90797,664,0.535092
692,29,0,6.91795,658,0.530256
693,30,0,6.92793,658,0.530256
694,31,0,6.93791,661,0.532674
695,32,0,6.9479,659,0.531062
696,33,0,6.95788,663,0.534286
697,34,0,6.96786,650,0.52381
698,35,0,6.97784,663,0.534286
699,36,0,6.98783,661,0.532674
700,37,0,6.99781,664,0.535092
701,38,0,7.00779,663,0.534286
702,39,0,7.01777,661,0.532674
703,40,0,7.02776,659,0.531062
704,41,0,7.03774,663,0.534286
705,42,0,7.04772,659,0.531062
706,43,0,7.0577,659,0.531062
707,44,0,7.06769,661,0.532674
708,45,0,7.07767,656,0.528645
709,46,0,7.08765,650,0.52381
710,47,0,7.09763,662,0.53348
711,48,0,7.10762,649,0.523004
712,49,0,7.1176,659,0.531062
713,50,0,7.12758,663,0.534286
714,51,0,7.13757,656,0.528645
715,52,0,7.14755,659,0.531062
716,53,0,7.15753,650,0.52381
717,54,0,7.16751,659,0.531062
718,55,0,7.1775,656,0.528645
719,56,0,7.18748,659,0.531062
720,57,0,7.19746,656,0.528645
721,58,0,7.20744,656,0.528645
722,59,0,7.21743,662,0.53348
723,60,0,7.22741,656,0.528645
724,61,0,7.23739,661,0.532674
725,62,0,7.24737,663,0.534286
726,63,0,7.25736,657,0.529451
727,64,0,7.26734,660,0.531868
728,65,0,7.27732,650,0.52381
729,66,0,7.2873,661,0.532674
730,67,0,7.29729,652,0.525421
731,68,0,7.30727,663,0.534286
732,69,0,7.31725,659,0.531062
733,70,0,7.32723,661,0.532674
734,71,0,7.33722,649,0.523004
735,72,0,7.3472,661,0.532674
736,73,0,7.35718,656,0.528645
737,74,0,7.36717,658,0.530256
738,75,0,7.37715,656,0.528645
739,76,0,7.38713,665,0.535897
740,77,0,7.39711,658,0.530256
741,78,0,7.4071,650,0.52381
742,79,0,7.41708,662,0.53348
743,80,0,7.42706,663,0.534286
744,81,0,7.43704,661,0.532674
745,82,0,7.44703,660,0.531868
746,83,0,7.45701,660,0.531868
747,84,0,7.46699,662,0.53348
748,85,0,7.47697,651,0.524615
749,86,0,7.48696,660,0.531868
750,87,0,7.49694,656,0.528645
751,88,0,7.50692,660,0.531868
752,89,0,7.5169,659,0.531062
753,90,0,7.52689,649,0.523004
754,91,0,7.53687,649,0.523004
755,92,0,7.54685,651,0.524615
756,93,0,7.55683,654,0.527033
757,94,0,7.56682,657,0.529451
758,95,0,7.5768,662,0.53348
759,96,0,7.58678,650,0.52381
760,97,0,7.59677,656,0.528645
761,98,0,7.60675,661,0.532674
762,99,0,7.61673,658,0.530256
763,100,0,7.62671,650,0.52381
764,101,0,7.6367,649,0.523004
765,102,0,7.64668,657,0.529451
766,103,0,7.65666,660,0.531868
767,104,0,7.66664,663,0.534286
768,105,0,7.67663,649,0.523004
769,106,0,7.68661,651,0.524615
770,107,0,7.69659,660,0.531868
771,108,0,7.70657,652,0.525421
772,109,0,7.71656,650,0.52381
773,110,0,7.72654,661,0.532674
774,111,0,7.73652,651,0.524615
775,112,0,7.7465,652,0.525421
776,113,0,7.75649,655,0.527839
777,114,0,7.76647,656,0.528645
778,115,0,7.77645,662,0.53348
779,116,0,7.78643,649,0.523004
780,117,0,7.79642,652,0.525421
781,118,0,7.8064,662,0.53348
782,119,0,7.81638,652,0.525421
783,120,0,7.82637,663,0.534286
784,121,0,7.83635,651,0.524615
785,122,0,7.84633,657,0.529451
786,123,0,7.85631,657,0.529451
787,124,0,7.8663,657,0.529451
788,125,0,7.87628,662,0.53348
789,126,0,7.88626,656,0.528645
790,127,0,7.89624,660,0.531868
791,128,0,7.90623,655,0.527839
792,129,0,7.91621,653,0.526227
793,130,0,7.92619,657,0.529451
794,131,0,7.93617,662,0.53348
795,132,0,7.94616,661,0.532674
796,133,0,7.95614,660,0.531868
797,134,0,7.96612,664,0.535092
798,135,0,7.9761,652,0.525421
799,136,0,7.98609,657,0.529451
800,137,0,7.99607,650,0.52381
801,138,0,8.00605,663,0.534286
802,139,0,8.01603,660,0.531868
803,140,0,8.02602,664,0.535092
804,141,0,8.036,650,0.52381
805,142,0,8.04598,655,0.527839
806,143,0,8.05597,661,0.532674
807,144,0,8.06595,663,0.534286
808,145,0,8.07593,661,0.532674
809,146,0,8.08591,664,0.535092
810,147,0,8.0959,661,0.532674
811,148,0,8.10588,664,0.535092
812,149,0,8.11586,660,0.531868
813,150,0,8.12584,656,0.528645
814,151,0,8.13583,650,0.52381
815,152,0,8.14581,659,0.531062
816,153,0,8.15579,659,0.531062
817,154,0,8.16577,658,0.530256
818,155,0,8.17576,650,0.52381
819,156,0,8.18574,661,0.532674
820,157,0,8.19572,662,0.53348
821,158,0,8.2057,650,0.52381
822,159,0,8.21569,660,0.531868
823,160,0,8.22567,663,0.534286
824,161,0,8.23565,662,0.53348
825,162,0,8.24563,658,0.530256
826,163,0,8.25562,652,0.525421
827,164,0,8.2656,661,0.532674
828,165,0,8.27558,660,0.531868
829,166,0,8.28557,665,0.535897
830,167,0,8.29555,664,0.535092
831,168,0,8.30553,659,0.531062
832,10,0,8.31551,917,0.738974
833,10,1,8.3255,910,0.733333
834,11,0,8.33548,917,0.738974
835,11,1,8.34546,910,0.733333
836,13,0,8.35544,917,0.738974
837,14,0,8.36543,911,0.734139
838,15,0,8.37541,912,0.734945
839,16,0,8.38539,916,0.738169
840,17,0,8.39537,912,0.734945
841,18,0,8.40536,915,0.737363
842,19,0,8.41534,915,0.737363
843,20,0,8.42532,913,0.735751
844,21,0,8.4353,915,0.737363
845,22,0,8.44529,919,0.740586
846,23,0,8.45527,918,0.73978
847,24,0,8.46525,914,0.736557
848,25,0,8.47523,916,0.738169
849,26,0,8.48522,918,0.73978
850,27,0,8.4952,913,0.735751
851,28,0,8.50518,915,0.737363
852,29,0,8.51517,903,0.727692
853,30,0,8.52515,917,0.738974
854,31,0,8.53513,916,0.738169
855,32,0,8.54511,913,0.735751
856,33,0,8.5551,915,0.737363
857,34,0,8.56508,912,0.734945
858,35,0,8.57506,914,0.736557
859,36,0,8.58504,913,0.735751
860,37,0,8.59503,912,0.734945
861,38,0,8.60501,916,0.738169
862,39,0,8.61499,912,0.734945
863,40,0,8.62497,904,0.728498
864,41,0,8.63496,913,0.735751
865,42,0,8.64494,915,0.737363
866,43,0,8.65492,912,0.734945
867,44,0,8.6649,911,0.734139
868,45,0,8.67489,915,0.737363
869,46,0,8.68487,913,0.735751
870,47,0,8.69485,912,0.734945
871,48,0,8.70483,902,0.726886
872,49,0,8.71482,917,0.738974
873,50,0,8.7248,902,0.726886
874,51,0,8.73478,917,0.738974
875,52,0,8.74477,918,0.73978
876,53,0,8.75475,912,0.734945
877,54,0,8.76473,908,0.731722
878,55,0,8.77471,906,0.73011
879,56,0,8.7847,919,0.740586
880,57,0,8.79468,911,0.734139
881,58,0,8.80466,913,0.735751
882,59,0,8.81464,913,0.735751
883,60,0,8.82463,917,0.738974
884,61,0,8.83461,919,0.740586
885,62,0,8.84459,915,0.737363
886,63,0,8.85457,917,0.738974
887,64,0,8.86456,915,0.737363
888,65,0,8.87454,913,0.735751
889,66,0,8.88452,914,0.736557
890,67,0,8.8945,903,0.727692
891,68,0,8.90449,916,0.738169
892,69,0,8.91447,911,0.734139
893,70,0,8.92445,916,0.738169
894,71,0,8.93443,915,0.737363
895,72,0,8.94442,915,0.737363
896,73,0,8.9544,901,0.726081
897,74,0,8.96438,916,0.738169
898,75,0,8.97437,919,0.740586
899,76,0,8.98435,919,0.740586
900,77,0,8.99433,917,0.738974
901,78,0,9.00431,913,0.735751
902,79,0,9.0143,914,0.736557
903,80,0,9.02428,915,0.737363
904,81,0,9.03426,902,0.726886
905,82,0,9.04424,904,0.728498
906,83,0,9.05423,908,0.731722
907,84,0,9.06421,908,0.731722
908,85,0,9.07419,910,0.733333
909,86,0,9.08417,911,0.734139
910,87,0,9.09416,910,0.733333
911,88,0,9.10414,915,0.737363
912,89,0,9.11412,919,0.740586
913,90,0,9.1241,910,0.733333
914,91,0,9.13409,916,0.738169
915,92,0,9.14407,915,0.737363
916,93,0,9.15405,919,0.740586
917,94,0,9.16403,911,0.734139
918,95,0,9.17402,918,0.73978
919,96,0,9.184,917,0.738974
920,97,0,9.19398,916,0.738169
921,98,0,9.20397,916,0.738169
922,99,0,9.21395,916,0.738169
923,100,0,9.22393,902,0.726886
924,101,0,9.23391,919,0.740586
925,102,0,9.2439,914,0.736557
926,103,0,9.25388,908,0.731722
927,104,0,9.26386,918,0.73978
928,105,0,9.27384,912,0.734945
929,106,0,9.28383,919,0.740586
930,107,0,9.29381,915,0.737363
931,108,0,9.30379,901,0.726081
932,109,0,9.31377,918,0.73978
933,110,0,9.32376,908,0.731722
934,111,0,9.33374,903,0.727692
935,112,0,9.34372,914,0.736557
936,113,0,9.3537,916,0.738169
937,114,0,9.36369,904,0.728498
938,115,0,9.37367,903,0.727692
939,116,0,9.38365,917,0.738974
940,117,0,9.39363,911,0.734139
941,118,0,9.40362,913,0.735751
942,119,0,9.4136,919,0.740586
943,120,0,9.42358,919,0.740586
944,121,0,9.43357,910,0.733333
945,122,0,9.44355,913,0.735751
946,123,0,9.45353,910,0.733333
947,124,0,9.46351,918,0.73978
948,125,0,9.4735,915,0.737363
949,126,0,9.48348,903,0.727692
950,127,0,9.49346,903,0.727692
951,128,0,9.50344,914,0.736557
952,129,0,9.51343,913,0.735751
953,130,0,9.52341,916,0.738169
954,131,0,9.53339,913,0.735751
955,132,0,9.54337,903,0.727692
956,133,0,9.55336,911,0.734139
957,134,0,9.56334,903,0.727692
958,135,0,9.57332,913,0.735751
959,136,0,9.5833,903,0.727692
960,137,0,9.59329,915,0.737363
961,138,0,9.60327,911,0.734139
962,139,0,9.61325,905,0.729304
963,140,0,9.62323,903,0.727692
964,141,0,9.63322,915,0.737363
965,142,0,9.6432,917,0.738974
966,143,0,9.65318,903,0.727692
967,144,0,9.66317,901,0.726081
968,145,0,9.67315,919,0.740586
969,146,0,9.68313,919,0.740586
970,147,0,9.69311,915,0.737363
971,148,0,9.7031,903,0.727692
972,149,0,9.71308,919,0.740586
973,150,0,9.72306,919,0.740586
974,151,0,9.73304,908,0.731722
975,152,0,9.74303,915,0.737363
976,10,0,9.75301,1034,0.83326
977,11,0,9.76299,1039,0.837289
978,12,0,9.77297,1034,0.83326
979,13,0,9.78296,1034,0.83326
980,14,0,9.79294,1035,0.834066
981,15,0,9.80292,1031,0.830842
982,16,0,9.8129,1033,0.832454
983,17,0,9.82289,1023,0.824396
984,18,0,9.83287,1037,0.835678
985,19,0,9.84285,1039,0.837289
986,20,0,9.85283,1037,0.835678
987,21,0,9.86282,1033,0.832454
988,22,0,9.8728,1037,0.835678
989,23,0,9.88278,1033,0.832454
990,24,0,9.89277,1033,0.832454
991,25,0,9.90275,1037,0.835678
992,26,0,9.91273,1035,0.834066
993,27,0,9.92271,1024,0.825202
994,28,0,9.9327,1037,0.835678
995,29,0,9.94268,1026,0.826813
996,30,0,9.95266,1024,0.825202
997,31,0,9.96264,1023,0.824396
998,32,0,9.97263,1031,0.830842
999,33,0,9.98261,1024,0.825202
1000,34,0,9.99259,1024,0.825202
1001,35,0,10.0026,1040,0.838095
1002,36,0,10.0126,1024,0.825202
1003,37,0,10.0225,1036,0.834872
1004,38,0,10.0325,1041,0.838901
1005,39,0,10.0425,1029,0.829231
1006,40,0,10.0525,1033,0.832454
1007,41,0,10.0625,1033,0.832454
1008,42,0,10.0725,1039,0.837289
1009,43,0,10.0824,1036,0.834872
1010,44,0,10.0924,1024,0.825202
1011,45,0,10.1024,1040,0.838095
1012,46,0,10.1124,1024,0.825202
1013,47,0,10.1224,1032,0.831648
1014,48,0,10.1323,1024,0.825202
1015,49,0,10.1423,1032,0.831648
1016,50,0,10.1523,1041,0.838901
1017,51,0,10.1623,1035,0.834066
1018,52,0,10.1723,1034,0.83326
1019,53,0,10.1823,1035,0.834066
1020,54,0,10.1922,1037,0.835678
1021,55,0,10.2022,1037,0.835678
1022,56,0,10.2122,1037,0.835678
1023,57,0,10.2222,1035,0.834066
1024,58,0,10.2322,1030,0.830037
1025,59,0,10.2422,1035,0.834066
1026,60,0,10.2521,1024,0.825202
1027,61,0,10.2621,1027,0.827619
1028,62,0,10.2721,1037,0.835678
1029,63,0,10.2821,1032,0.831648
1030,64,0,10.2921,1035,0.834066
1031,65,0,10.3021,1041,0.838901
1032,66,0,10.312,1035,0.834066
1033,67,0,10.322,1033,0.832454
1034,68,0,10.332,1038,0.836484
1035,69,0,10.342,1035,0.834066
1036,70,0,10.352,1024,0.825202
1037,71,0,10.3619,1024,0.825202
1038,72,0,10.3719,1034,0.83326
1039,73,0,10.3819,1024,0.825202
1040,74,0,10.3919,1034,0.83326
1041,75,0,10.4019,1035,0.834066
1042,76,0,10.4119,1035,0.834066
1043,77,0,10.4218,1036,0.834872
1044,78,0,10.4318,1036,0.834872
1045,79,0,10.4418,1040,0.838095
1046,80,0,10.4518,1041,0.838901
1047,81,0,10.4618,1028,0.828425
1048,82,0,10.4718,1036,0.834872
1049,83,0,10.4817,1034,0.83326
1050,84,0,10.4917,1034,0.83326
1051,85,0,10.5017,1038,0.836484
1052,86,0,10.5117,1036,0.834872
1053,87,0,10.5217,1035,0.834066
1054,88,0,10.5317,1024,0.825202
1055,89,0,10.5416,1024,0.825202
1056,90,0,10.5516,1032,0.831648
1057,91,0,10.5616,1036,0.834872
1058,92,0,10.5716,1024,0.825202
1059,93,0,10.5816,1033,0.832454
1060,94,0,10.5915,1024,0.825202
1061,95,0,10.6015,1024,0.825202
1062,96,0,10.6115,1033,0.832454
1063,97,0,10.6215,1032,0.831648
1064,98,0,10.6315,1032,0.831648
1065,99,0,10.6415,1036,0.834872
1066,100,0,10.6514,1034,0.83326
1067,101,0,10.6614,1037,0.835678
1068,102,0,10.6714,1033,0.832454
1069,103,0,10.6814,1028,0.828425
1070,104,0,10.6914,1037,0.835678
1071,105,0,10.7014,1038,0.836484
1072,106,0,10.7113,1039,0.837289
1073,107,0,10.7213,1035,0.834066
1074,108,0,10.7313,1037,0.835678
1075,109,0,10.7413,1034,0.83326
1076,110,0,10.7513,1027,0.827619
1077,111,0,10.7613,1024,0.825202
1078,112,0,10.7712,1024,0.825202
1079,113,0,10.7812,1037,0.835678
1080,114,0,10.7912,1035,0.834066
1081,115,0,10.8012,1040,0.838095
1082,116,0,10.8112,1037,0.835678
1083,117,0,10.8211,1037,0.835678
1084,118,0,10.8311,1033,0.832454
1085,119,0,10.8411,1032,0.831648
1086,120,0,10.8511,1024,0.825202
1087,121,0,10.8611,1037,0.835678
1088,122,0,10.8711,1036,0.834872
1089,123,0,10.881,1038,0.836484
1090,124,0,10.891,1028,0.828425
1091,125,0,10.901,1038,0.836484
1092,126,0,10.911,1032,0.831648
1093,127,0,10.921,1024,0.825202
1094,128,0,10.931,1032,0.831648
1095,129,0,10.9409,1037,0.835678
1096,130,0,10.9509,1037,0.835678
1097,131,0,10.9609,1033,0.832454
1098,132,0,10.9709,1028,0.828425
1099,133,0,10.9809,1040,0.838095
1100,134,0,10.9909,1034,0.83326
1101,135,0,11.0008,1035,0.834066
1102,136,0,11.0108,1038,0.836484
1103,137,0,11.0208,1035,0.834066
1104,138,0,11.0308,1040,0.838095
1105,139,0,11.0408,1039,0.837289
1106,140,0,11.0507,1033,0.832454
1107,10,0,11.0607,1285,1.03553
1108,11,0,11.0707,1284,1.03473
1109,12,0,11.0807,1279,1.0307
1110,13,0,11.0907,1272,1.02505
1111,14,0,11.1007,1284,1.03473
1112,15,0,11.1106,1267,1.02103
1113,16,0,11.1206,1281,1.03231
1114,17,0,11.1306,1274,1.02667
1115,18,0,11.1406,1278,1.02989
1116,19,0,11.1506,1279,1.0307
1117,20,0,11.1606,1279,1.0307
1118,21,0,11.1705,1281,1.03231
1119,22,0,11.1805,1282,1.03311
1120,23,0,11.1905,1276,1.02828
1121,24,0,11.2005,1283,1.03392
1122,25,0,11.2105,1285,1.03553
1123,26,0,11.2205,1279,1.0307
1124,27,0,11.2304,1285,1.03553
1125,28,0,11.2404,1273,1.02586
1126,29,0,11.2504,1279,1.0307
1127,30,0,11.2604,1282,1.03311
1128,31,0,11.2704,1279,1.0307
1129,32,0,11.2803,1267,1.02103
1130,33,0,11.2903,1279,1.0307
1131,34,0,11.3003,1278,1.02989
1132,35,0,11.3103,1277,1.02908
1133,36,0,11.3203,1282,1.03311
1134,37,0,11.3303,1279,1.0307
1135,38,0,11.3402,1266,1.02022
1136,39,0,11.3502,1278,1.02989
1137,40,0,11.3602,1278,1.02989
1138,41,0,11.3702,1283,1.03392
1139,42,0,11.3802,1282,1.03311
1140,43,0,11.3902,1277,1.02908
1141,44,0,11.4001,1285,1.03553
1142,45,0,11.4101,1279,1.0307
1143,46,0,11.4201,1285,1.03553
1144,47,0,11.4301,1281,1.03231
1145,48,0,11.4401,1267,1.02103
1146,49,0,11.4501,1276,1.02828
1147,50,0,11.46,1278,1.02989
1148,51,0,11.47,1271,1.02425
1149,52,0,11.48,1265,1.01941
1150,53,0,11.49,1267,1.02103
1151,54,0,11.5,1272,1.02505
1152,55,0,11.5099,1267,1.02103
1153,56,0,11.5199,1278,1.02989
1154,57,0,11.5299,1267,1.02103
1155,58,0,11.5399,1283,1.03392
1156,59,0,11.5499,1277,1.02908
1157,60,0,11.5599,1279,1.0307
1158,61,0,11.5698,1284,1.03473
1159,62,0,11.5798,1279,1.0307
1160,63,0,11.5898,1265,1.01941
1161,64,0,11.5998,1277,1.02908
1162,65,0,11.6098,1279,1.0307
1163,66,0,11.6198,1278,1.02989
1164,67,0,11.6297,1269,1.02264
1165,68,0,11.6397,1270,1.02344
1166,69,0,11.6497,1278,1.02989
1167,70,0,11.6597,1276,1.02828
1168,71,0,11.6697,1278,1.02989
1169,72,0,11.6797,1286,1.03634
1170,73,0,11.6896,1279,1.0307
1171,74,0,11.6996,1265,1.01941
1172,75,0,11.7096,1278,1.02989
1173,76,0,11.7196,1279,1.0307
1174,77,0,11.7296,1275,1.02747
1175,78,0,11.7395,1285,1.03553
1176,79,0,11.7495,1285,1.03553
1177,80,0,11.7595,1279,1.0307
1178,81,0,11.7695,1267,1.02103
1179,82,0,11.7795,1282,1.03311
1180,83,0,11.7895,1283,1.03392
1181,84,0,11.7994,1277,1.02908
1182,85,0,11.8094,1276,1.02828
1183,86,0,11.8194,1283,1.03392
1184,87,0,11.8294,1267,1.02103
1185,88,0,11.8394,1271,1.02425
1186,89,0,11.8494,1268,1.02183
1187,90,0,11.8593,1279,1.0307
1188,91,0,11.8693,1279,1.0307
1189,92,0,11.8793,1267,1.02103
1190,93,0,11.8893,1278,1.02989
1191,94,0,11.8993,1285,1.03553
1192,95,0,11.9093,1268,1.02183
1193,96,0,11.9192,1281,1.03231
1194,97,0,11.9292,1283,1.03392
1195,98,0,11.9392,1268,1.02183
1196,99,0,11.9492,1278,1.02989
1197,100,0,11.9592,1281,1.03231
1198,101,0,11.9691,1278,1.02989
1199,102,0,11.9791,1282,1.03311
1200,103,0,11.9891,1277,1.02908
1201,104,0,11.9991,1282,1.03311
1202,105,0,12.0091,1266,1.02022
1203,106,0,12.0191,1281,1.03231
1204,107,0,12.029,1277,1.02908
1205,108,0,12.039,1283,1.03392
1206,109,0,12.049,1278,1.02989
1207,110,0,12.059,1285,1.03553
1208,111,0,12.069,1267,1.02103
1209,112,0,12.079,1276,1.02828
1210,113,0,12.0889,1279,1.0307
1211,114,0,12.0989,1285,1.03553
1212,115,0,12.1089,1267,1.02103
1213,116,0,12.1189,1268,1.02183
1214,117,0,12.1289,1270,1.02344
1215,118,0,12.1389,1279,1.0307
1216,119,0,12.1488,1265,1.01941
1217,120,0,12.1588,1286,1.03634
1218,121,0,12.1688,1276,1.02828
1219,122,0,12.1788,1282,1.03311
1220,123,0,12.1888,1276,1.02828
1221,124,0,12.1987,1273,1.02586
1222,125,0,12.2087,1270,1.02344
1223,126,0,12.2187,1266,1.02022
1224,127,0,12.2287,1273,1.02586
1225,128,0,12.2387,1279,1.0307
1226,129,0,12.2487,1267,1.02103
1227,130,0,12.2586,1286,1.03634
1228,131,0,12.2686,1279,1.0307
1229,132,0,12.2786,1266,1.02022
1230,10,0,12.2886,1543,1.24344
1231,11,0,12.2986,1542,1.24264
1232,12,0,12.3086,1525,1.22894
1233,13,0,12.3185,1541,1.24183
1234,14,0,12.3285,1545,1.24505
1235,15,0,12.3385,1542,1.24264
1236,16,0,12.3485,1541,1.24183
1237,17,0,12.3585,1536,1.2378
1238,18,0,12.3685,1535,1.237
1239,19,0,12.3784,1544,1.24425
1240,20,0,12.3884,1526,1.22974
1241,21,0,12.3984,1543,1.24344
1242,22,0,12.4084,1532,1.23458
1243,23,0,12.4184,1527,1.23055
1244,24,0,12.4283,1535,1.237
1245,25,0,12.4383,1540,1.24103
1246,26,0,12.4483,1542,1.24264
1247,27,0,12.4583,1544,1.24425
1248,28,0,12.4683,1538,1.23941
1249,29,0,12.4783,1536,1.2378
1250,30,0,12.4882,1541,1.24183
1251,31,0,12.4982,1527,1.23055
1252,32,0,12.5082,1545,1.24505
1253,33,0,12.5182,1536,1.2378
1254,34,0,12.5282,1536,1.2378
1255,35,0,12.5382,1527,1.23055
1256,36,0,12.5481,1527,1.23055
1257,37,0,12.5581,1527,1.23055
1258,38,0,12.5681,1527,1.23055
1259,39,0,12.5781,1526,1.22974
1260,40,0,12.5881,1545,1.24505
1261,41,0,12.5981,1543,1.24344
1262,42,0,12.608,1542,1.24264
1263,43,0,12.618,1540,1.24103
1264,44,0,12.628,1542,1.24264
1265,45,0,12.638,1538,1.23941
1266,46,0,12.648,1543,1.24344
1267,47,0,12.6579,1541,1.24183
1268,48,0,12.6679,1532,1.23458
1269,49,0,12.6779,1543,1.24344
1270,50,0,12.6879,1547,1.24667
1271,51,0,12.6979,1548,1.24747
1272,52,0,12.7079,1536,1.2378
1273,53,0,12.7178,1527,1.23055
1274,54,0,12.7278,1543,1.24344
1275,55,0,12.7378,1546,1.24586
1276,56,0,12.7478,1540,1.24103
1277,57,0,12.7578,1540,1.24103
1278,58,0,12.7678,1531,1.23377
1279,59,0,12.7777,1543,1.24344
1280,60,0,12.7877,1547,1.24667
1281,61,0,12.7977,1547,1.24667
1282,62,0,12.8077,1546,1.24586
1283,63,0,12.8177,1527,1.23055
1284,64,0,12.8277,1536,1.2378
1285,65,0,12.8376,1526,1.22974
1286,66,0,12.8476,1538,1.23941
1287,67,0,12.8576,1546,1.24586
1288,68,0,12.8676,1545,1.24505
1289,69,0,12.8776,1538,1.23941
1290,70,0,12.8875,1546,1.24586
1291,71,0,12.8975,1539,1.24022
1292,72,0,12.9075,1536,1.2378
1293,73,0,12.9175,1539,1.24022
1294,74,0,12.9275,1545,1.24505
1295,75,0,12.9375,1543,1.24344
1296,76,0,12.9474,1527,1.23055
1297,77,0,12.9574,1542,1.24264
1298,78,0,12.9674,1526,1.22974
1299,79,0,12.9774,1546,1.24586
1300,80,0,12.9874,1525,1.22894
1301,81,0,12.9974,1539,1.24022
1302,82,0,13.0073,1542,1.24264
1303,83,0,13.0173,1543,1.24344
1304,84,0,13.0273,1536,1.2378
1305,85,0,13.0373,1546,1.24586
1306,86,0,13.0473,1527,1.23055
1307,87,0,13.0573,1527,1.23055
1308,88,0,13.0672,1542,1.24264
1309,89,0,13.0772,1543,1.24344
1310,90,0,13.0872,1527,1.23055
1311,91,0,13.0972,1542,1.24264
1312,92,0,13.1072,1546,1.24586
1313,93,0,13.1171,1542,1.24264
1314,94,0,13.1271,1545,1.24505
1315,95,0,13.1371,1543,1.24344
1316,96,0,13.1471,1542,1.24264
1317,97,0,13.1571,1541,1.24183
1318,98,0,13.1671,1540,1.24103
1319,99,0,13.177,1543,1.24344
1320,100,0,13.187,1528,1.23136
1321,101,0,13.197,1543,1.24344
1322,102,0,13.207,1540,1.24103
1323,103,0,13.217,1538,1.23941
1324,104,0,13.227,1536,1.2378
1325,105,0,13.2369,1544,1.24425
1326,106,0,13.2469,1527,1.23055
1327,107,0,13.2569,1536,1.2378
1328,108,0,13.2669,1543,1.24344
1329,109,0,13.2769,1536,1.2378
1330,110,0,13.2869,1538,1.23941
1331,111,0,13.2968,1539,1.24022
1332,112,0,13.3068,1543,1.24344
1333,113,0,13.3168,1540,1.24103
1334,114,0,13.3268,1541,1.24183
1335,115,0,13.3368,1544,1.24425
1336,116,0,13.3467,1536,1.2378
1337,117,0,13.3567,1536,1.2378
1338,118,0,13.3667,1546,1.24586
1339,119,0,13.3767,1538,1.23941
1340,120,0,13.3867,1526,1.22974
1341,121,0,13.3967,1538,1.23941
1342,122,0,13.4066,1540,1.24103
1343,123,0,13.4166,1543,1.24344
1344,124,0,13.4266,1543,1.24344
1345,125,0,13.4366,1536,1.2378
1346,126,0,13.4466,1526,1.22974
1347,127,0,13.4566,1536,1.2378
1348,128,0,13.4665,1541,1.24183
1349,129,0,13.4765,1546,1.24586
1350,130,0,13.4865,1547,1.24667
1351,131,0,13.4965,1547,1.24667
1352,132,0,13.5065,1542,1.24264
1353,133,0,13.5165,1547,1.24667
1354,134,0,13.5264,1530,1.23297
1355,135,0,13.5364,1547,1.24667
1356,136,0,13.5464,1547,1.24667
1357,137,0,13.5564,1541,1.24183
1358,138,0,13.5664,1536,1.2378
1359,139,0,13.5763,1535,1.237
1360,140,0,13.5863,1542,1.24264
1361,141,0,13.5963,1527,1.23055
1362,142,0,13.6063,1549,1.24828
1363,143,0,13.6163,1539,1.24022
1364,144,0,13.6263,1542,1.24264
1365,145,0,13.6362,1543,1.24344
1366,146,0,13.6462,1527,1.23055
1367,147,0,13.6562,1527,1.23055
1368,148,0,13.6662,1545,1.24505
1369,149,0,13.6762,1539,1.24022
1370,150,0,13.6862,1526,1.22974
1371,151,0,13.6961,1543,1.24344
1372,152,0,13.7061,1547,1.24667
1373,153,0,13.7161,1544,1.24425
1374,154,0,13.7261,1547,1.24667
1375,155,0,13.7361,1527,1.23055
1376,156,0,13.7461,1545,1.24505
1377,10,0,13.756,1790,1.44249
1378,10,1,13.766,1791,1.4433
1379,11,0,13.776,1790,1.44249
1380,11,1,13.786,1791,1.4433
1381,13,0,13.796,1783,1.43685
1382,14,0,13.8059,1794,1.44571
1383,15,0,13.8159,1794,1.44571
1384,16,0,13.8259,1791,1.4433
1385,17,0,13.8359,1789,1.44168
1386,18,0,13.8459,1775,1.4304
1387,19,0,13.8559,1789,1.44168
1388,20,0,13.8658,1787,1.44007
1389,21,0,13.8758,1773,1.42879
1390,22,0,13.8858,1791,1.4433
1391,23,0,13.8958,1790,1.44249
1392,24,0,13.9058,1791,1.4433
1393,25,0,13.9158,1788,1.44088
1394,26,0,13.9257,1784,1.43766
1395,27,0,13.9357,1782,1.43604
1396,28,0,13.9457,1771,1.42718
1397,29,0,13.9557,1779,1.43363
1398,30,0,13.9657,1789,1.44168
1399,31,0,13.9757,1783,1.43685
1400,32,0,13.9856,1796,1.44733
1401,33,0,13.9956,1773,1.42879
1402,34,0,14.0056,1791,1.4433
1403,35,0,14.0156,1773,1.42879
1404,36,0,14.0256,1791,1.4433
1405,37,0,14.0355,1795,1.44652
1406,38,0,14.0455,1791,1.4433
1407,39,0,14.0555,1776,1.43121
1408,40,0,14.0655,1776,1.43121
1409,41,0,14.0755,1790,1.44249
1410,42,0,14.0855,1791,1.4433
1411,43,0,14.0954,1786,1.43927
1412,44,0,14.1054,1791,1.4433
1413,45,0,14.1154,1791,1.4433
1414,46,0,14.1254,1774,1.4296
1415,47,0,14.1354,1791,1.4433
1416,48,0,14.1454,1793,1.44491
1417,49,0,14.1553,1795,1.44652
1418,50,0,14.1653,1788,1.44088
1419,51,0,14.1753,1796,1.44733
1420,52,0,14.1853,1791,1.4433
1421,53,0,14.1953,1791,1.4433
1422,54,0,14.2053,1772,1.42799
1423,55,0,14.2152,1789,1.44168
1424,56,0,14.2252,1791,1.4433
1425,57,0,14.2352,1791,1.4433
1426,58,0,14.2452,1774,1.4296
1427,59,0,14.2552,1797,1.44813
1428,60,0,14.2651,1789,1.44168
1429,61,0,14.2751,1787,1.44007
1430,62,0,14.2851,1791,1.4433
1431,63,0,14.2951,1791,1.4433
1432,64,0,14.3051,1773,1.42879
1433,65,0,14.3151,1791,1.4433
1434,66,0,14.325,1774,1.4296
1435,67,0,14.335,1791,1.4433
1436,68,0,14.345,1791,1.4433
1437,69,0,14.355,1791,1.4433
1438,70,0,14.365,1775,1.4304
1439,71,0,14.375,1789,1.44168
1440,72,0,14.3849,1794,1.44571
1441,73,0,14.3949,1793,1.44491
1442,74,0,14.4049,1791,1.4433
1443,75,0,14.4149,1773,1.42879
1444,76,0,14.4249,1790,1.44249
1445,77,0,14.4349,1791,1.4433
1446,78,0,14.4448,1773,1.42879
1447,79,0,14.4548,1791,1.4433
1448,80,0,14.4648,1773,1.42879
1449,81,0,14.4748,1772,1.42799
1450,82,0,14.4848,1788,1.44088
1451,83,0,14.4947,1790,1.44249
1452,84,0,14.5047,1796,1.44733
1453,85,0,14.5147,1773,1.42879
1454,86,0,14.5247,1776,1.43121
1455,87,0,14.5347,1795,1.44652
1456,88,0,14.5447,1797,1.44813
1457,89,0,14.5546,1772,1.42799
1458,90,0,14.5646,1789,1.44168
1459,91,0,14.5746,1791,1.4433
1460,92,0,14.5846,1776,1.43121
1461,93,0,14.5946,1773,1.42879
1462,94,0,14.6046,1773,1.42879
1463,95,0,14.6145,1791,1.4433
1464,96,0,14.6245,1789,1.44168
1465,97,0,14.6345,1791,1.4433
1466,98,0,14.6445,1791,1.4433
1467,99,0,14.6545,1797,1.44813
1468,100,0,14.6645,1789,1.44168
1469,101,0,14.6744,1791,1.4433
1470,102,0,14.6844,1791,1.4433
1471,103,0,14.6944,1790,1.44249
1472,104,0,14.7044,1788,1.44088
1473,105,0,14.7144,1773,1.42879
1474,106,0,14.7243,1794,1.44571
1475,107,0,14.7343,1773,1.42879
1476,108,0,14.7443,1776,1.43121
1477,109,0,14.7543,1797,1.44813
1478,110,0,14.7643,1791,1.4433
1479,111,0,14.7743,1795,1.44652
1480,112,0,14.7842,1797,1.44813
1481,113,0,14.7942,1793,1.44491
1482,114,0,14.8042,1790,1.44249
1483,115,0,14.8142,1796,1.44733
1484,116,0,14.8242,1774,1.4296
1485,117,0,14.8342,1784,1.43766
1486,118,0,14.8441,1786,1.43927
1487,119,0,14.8541,1789,1.44168
1488,120,0,14.8641,1782,1.43604
1489,121,0,14.8741,1789,1.44168
1490,122,0,14.8841,1796,1.44733
1491,123,0,14.8941,1794,1.44571
1492,124,0,14.904,1774,1.4296
1493,125,0,14.914,1791,1.4433
1494,126,0,14.924,1777,1.43201
1495,127,0,14.934,1774,1.4296
1496,128,0,14.944,1791,1.4433
1497,129,0,14.9539,1797,1.44813
1498,130,0,14.9639,1791,1.4433
1499,131,0,14.9739,1791,1.4433
1500,132,0,14.9839,1790,1.44249
1501,133,0,14.9939,1791,1.4433
1502,134,0,15.0039,1787,1.44007
1503,135,0,15.0138,1774,1.4296
1504,136,0,15.0238,1789,1.44168
1505,137,0,15.0338,1773,1.42879
1506,138,0,15.0438,1776,1.43121
1507,139,0,15.0538,1784,1.43766
1508,140,0,15.0638,1773,1.42879
1509,141,0,15.0737,1788,1.44088
1510,142,0,15.0837,1791,1.4433
1511,143,0,15.0937,1774,1.4296
1512,144,0,15.1037,1789,1.44168
1513,145,0,15.1137,1787,1.44007
1514,146,0,15.1237,1791,1.4433
1515,147,0,15.1336,1776,1.43121
1516,148,0,15.1436,1791,1.4433
1517,149,0,15.1536,1783,1.43685
1518,150,0,15.1636,1784,1.43766
1519,151,0,15.1736,1791,1.4433
1520,152,0,15.1835,1776,1.43121
1521,153,0,15.1935,1789,1.44168
1522,154,0,15.2035,1773,1.42879
1523,155,0,15.2135,1774,1.4296
1524,156,0,15.2235,1773,1.42879
1525,157,0,15.2335,1773,1.42879
1526,158,0,15.2434,1787,1.44007
1527,159,0,15.2534,1782,1.43604
1528,160,0,15.2634,1780,1.43443
1529,161,0,15.2734,1787,1.44007
1530,162,0,15.2834,1797,1.44813
1531,163,0,15.2934,1773,1.42879
1532,164,0,15.3033,1791,1.4433
1533,165,0,15.3133,1791,1.4433
1534,10,0,15.3233,1923,1.54967
1535,10,1,15.3333,1926,1.55209
1536,11,0,15.3433,1923,1.54967
1537,11,1,15.3533,1926,1.55209
1538,13,0,15.3632,1930,1.55531
1539,14,0,15.3732,1928,1.5537
1540,15,0,15.3832,1930,1.55531
1541,16,0,15.3932,1920,1.54725
1542,17,0,15.4032,1928,1.5537
1543,18,0,15.4131,1928,1.5537
1544,19,0,15.4231,1911,1.54
1545,20,0,15.4331,1920,1.54725
1546,21,0,15.4431,1932,1.55692
1547,22,0,15.4531,1924,1.55048
1548,23,0,15.4631,1920,1.54725
1549,24,0,15.473,1924,1.55048
1550,25,0,15.483,1908,1.53758
1551,26,0,15.493,1920,1.54725
1552,27,0,15.503,1933,1.55773
1553,28,0,15.513,1909,1.53839
1554,29,0,15.523,1929,1.55451
1555,30,0,15.5329,1920,1.54725
1556,31,0,15.5429,1933,1.55773
1557,32,0,15.5529,1931,1.55612
1558,33,0,15.5629,1933,1.55773
1559,34,0,15.5729,1927,1.55289
1560,35,0,15.5829,1932,1.55692
1561,36,0,15.5928,1932,1.55692
1562,37,0,15.6028,1913,1.54161
1563,38,0,15.6128,1933,1.55773
1564,39,0,15.6228,1933,1.55773
1565,40,0,15.6328,1933,1.55773
1566,41,0,15.6427,1932,1.55692
1567,42,0,15.6527,1927,1.55289
1568,43,0,15.6627,1933,1.55773
1569,44,0,15.6727,1926,1.55209
1570,45,0,15.6827,1930,1.55531
1571,46,0,15.6927,1931,1.55612
1572,47,0,15.7026,1927,1.55289
1573,48,0,15.7126,1924,1.55048
1574,49,0,15.7226,1931,1.55612
1575,50,0,15.7326,1926,1.55209
1576,51,0,15.7426,1920,1.54725
1577,52,0,15.7526,1911,1.54
1578,53,0,15.7625,1913,1.54161
1579,54,0,15.7725,1932,1.55692
1580,55,0,15.7825,1911,1.54
1581,56,0,15.7925,1920,1.54725
1582,57,0,15.8025,1931,1.55612
1583,58,0,15.8125,1920,1.54725
1584,59,0,15.8224,1926,1.55209
1585,60,0,15.8324,1911,1.54
1586,61,0,15.8424,1926,1.55209
1587,62,0,15.8524,1933,1.55773
1588,63,0,15.8624,1931,1.55612
1589,64,0,15.8723,1929,1.55451
1590,65,0,15.8823,1932,1.55692
1591,66,0,15.8923,1931,1.55612
1592,67,0,15.9023,1909,1.53839
1593,68,0,15.9123,1932,1.55692
1594,69,0,15.9223,1910,1.53919
1595,70,0,15.9322,1933,1.55773
1596,71,0,15.9422,1920,1.54725
1597,72,0,15.9522,1931,1.55612
1598,73,0,15.9622,1920,1.54725
1599,74,0,15.9722,1924,1.55048
1600,75,0,15.9822,1933,1.55773
1601,76,0,15.9921,1931,1.55612
1602,77,0,16.0021,1933,1.55773
1603,78,0,16.0121,1929,1.55451
1604,79,0,16.0221,1932,1.55692
1605,80,0,16.0321,1927,1.55289
1606,81,0,16.0421,1920,1.54725
1607,82,0,16.052,1910,1.53919
1608,83,0,16.062,1931,1.55612
1609,84,0,16.072,1931,1.55612
1610,85,0,16.082,1933,1.55773
1611,86,0,16.092,1931,1.55612
1612,87,0,16.1019,1930,1.55531
1613,88,0,16.1119,1930,1.55531
1614,89,0,16.1219,1927,1.55289
1615,90,0,16.1319,1933,1.55773
1616,91,0,16.1419,1933,1.55773
1617,92,0,16.1519,1928,1.5537
1618,93,0,16.1618,1927,1.55289
1619,94,0,16.1718,1913,1.54161
1620,95,0,16.1818,1930,1.55531
1621,96,0,16.1918,1920,1.54725
1622,97,0,16.2018,1911,1.54
1623,98,0,16.2118,1910,1.53919
1624,99,0,16.2217,1933,1.55773
1625,100,0,16.2317,1931,1.55612
1626,101,0,16.2417,1932,1.55692
1627,102,0,16.2517,1930,1.55531
1628,103,0,16.2617,1927,1.55289
1629,104,0,16.2717,1930,1.55531
1630,105,0,16.2816,1931,1.55612
1631,106,0,16.2916,1910,1.53919
1632,107,0,16.3016,1931,1.55612
1633,108,0,16.3116,1934,1.55853
1634,109,0,16.3216,1931,1.55612
1635,110,0,16.3315,1915,1.54322
1636,111,0,16.3415,1928,1.5537
1637,112,0,16.3515,1925,1.55128
1638,113,0,16.3615,1931,1.55612
1639,114,0,16.3715,1931,1.55612
1640,115,0,16.3815,1917,1.54484
1641,116,0,16.3914,1920,1.54725
1642,117,0,16.4014,1923,1.54967
1643,118,0,16.4114,1929,1.55451
1644,119,0,16.4214,1931,1.55612
1645,120,0,16.4314,1927,1.55289
1646,121,0,16.4414,1929,1.55451
1647,122,0,16.4513,1933,1.55773
1648,123,0,16.4613,1930,1.55531
1649,124,0,16.4713,1933,1.55773
1650,125,0,16.4813,1930,1.55531
1651,126,0,16.4913,1927,1.55289
1652,127,0,16.5013,1933,1.55773
1653,128,0,16.5112,1929,1.55451
1654,129,0,16.5212,1926,1.55209
1655,130,0,16.5312,1928,1.5537
1656,131,0,16.5412,1933,1.55773
1657,132,0,16.5512,1920,1.54725
1658,133,0,16.5611,1933,1.55773
1659,134,0,16.5711,1931,1.55612
1660,135,0,16.5811,1932,1.55692
1661,136,0,16.5911,1931,1.55612
1662,137,0,16.6011,1931,1.55612
1663,138,0,16.6111,1925,1.55128
1664,139,0,16.621,1924,1.55048
1665,140,0,16.631,1933,1.55773
1666,141,0,16.641,1907,1.53678
1667,142,0,16.651,1927,1.55289
1668,143,0,16.661,1934,1.55853
1669,144,0,16.671,1928,1.5537
1670,145,0,16.6809,1931,1.55612
1671,146,0,16.6909,1927,1.55289
1672,147,0,16.7009,1932,1.55692
1673,148,0,16.7109,1909,1.53839
1674,149,0,16.7209,1931,1.55612
1675,150,0,16.7309,1920,1.54725
1676,151,0,16.7408,1927,1.55289
1677,152,0,16.7508,1931,1.55612
1678,153,0,16.7608,1928,1.5537
1679,154,0,16.7708,1933,1.55773
1680,155,0,16.7808,1920,1.54725
1681,156,0,16.7907,1933,1.55773
1682,157,0,16.8007,1929,1.55451
1683,158,0,16.8107,1933,1.55773
1684,159,0,16.8207,1930,1.55531
1685,160,0,16.8307,1933,1.55773
1686,161,0,16.8407,1926,1.55209
1687,162,0,16.8506,1933,1.55773
1688,163,0,16.8606,1920,1.54725
1689,164,0,16.8706,1933,1.55773
1690,165,0,16.8806,1920,1.54725
1691,166,0,16.8906,1931,1.55612
1692,167,0,16.9006,1933,1.55773
1693,168,0,16.9105,1927,1.55289
1694,169,0,16.9205,1930,1.55531
1695,170,0,16.9305,1931,1.55612
1696,171,0,16.9405,1934,1.55853
1697,172,0,16.9505,1929,1.55451
1698,173,0,16.9605,1933,1.55773
1699,174,0,16.9704,1933,1.55773
1700,175,0,16.9804,1926,1.55209
1701,176,0,16.9904,1929,1.55451
1702,177,0,17.0004,1909,1.53839
1703,178,0,17.0104,1929,1.55451
1704,179,0,17.0203,1931,1.55612
1705,180,0,17.0303,1920,1.54725
1706,181,0,17.0403,1932,1.55692
1707,182,0,17.0503,1920,1.54725
1708,183,0,17.0603,1931,1.55612
1709,184,0,17.0703,1920,1.54725
1710,185,0,17.0802,1927,1.55289
1711,186,0,17.0902,1932,1.55692
1712,187,0,17.1002,1920,1.54725
1713,188,0,17.1102,1931,1.55612
1714,189,0,17.1202,1929,1.55451
1715,190,0,17.1302,1920,1.54725
1716,191,0,17.1401,1931,1.55612
1717,192,0,17.1501,1927,1.55289
1718,193,0,17.1601,1928,1.5537
1719,194,0,17.1701,1908,1.53758
1720,195,0,17.1801,1919,1.54645
1721,196,0,17.1901,1931,1.55612
1722,197,0,17.2,1928,1.5537
1723,198,0,17.21,1930,1.55531
1724,199,0,17.22,1933,1.55773
