Time (s),Voltage (mV),Voltage (V)
0.009999999776482582,-1.0711668729782104,1.7656497955322266
0.019999999552965164,-1.071166753768921,1.770458698272705
0.029999999329447746,-1.0711668729782104,1.7656673192977905
0.03999999910593033,-1.0711668729782104,1.770476222038269
0.05000000074505806,-1.0711668729782104,1.7703959941864014
0.05999999865889549,-1.071166753768921,1.76170814037323
0.07000000029802322,-1.0711668729782104,1.7703639268875122
0.07999999821186066,-1.0711668729782104,1.7617168426513672
0.09000000357627869,-1.0711668729782104,1.7687463760375977
0.10000000149011612,-1.0711668729782104,1.7616846561431885
0.10999999940395355,-1.0711668729782104,1.7657374143600464
0.11999999731779099,-1.0711668729782104,1.770476222038269
0.12999999523162842,-1.0711668729782104,1.770438313484192
0.14000000059604645,-1.0711668729782104,1.768803358078003
0.15000000596046448,-1.0711668729782104,1.7665563821792603
0.1599999964237213,-1.0711668729782104,1.770499587059021
0.17000000178813934,-1.0711668729782104,1.7709845304489136
0.18000000715255737,-1.0711668729782104,1.7617692947387695
0.1899999976158142,-1.0711668729782104,1.7665855884552002
0.20000000298023224,-1.0711668729782104,1.770447015762329
0.20999999344348907,-1.0711668729782104,1.7696703672409058
0.2199999988079071,-1.0711668729782104,1.769734501838684
0.23000000417232513,-1.0711668729782104,1.771248459815979
0.23999999463558197,-1.0711668729782104,1.770476222038269
0.25,-1.0711668729782104,1.770403265953064
0.25999999046325684,-1.0711668729782104,1.7689404487609863
0.27000001072883606,-1.0711668729782104,1.770476222038269
0.2800000011920929,-1.0711668729782104,1.770476222038269
0.28999999165534973,-1.0711668729782104,1.770391583442688
0.30000001192092896,-1.0711668729782104,1.7689082622528076
0.3100000023841858,-1.0711668729782104,1.7692182064056396
0.3199999928474426,-1.0711668729782104,1.7621252536773682
0.33000001311302185,-1.0711668729782104,1.770235538482666
0.3400000035762787,-1.0711668729782104,1.7664469480514526
0.3499999940395355,-1.0711668729782104,1.7667021751403809
0.36000001430511475,-1.0711668729782104,1.770476222038269
0.3700000047683716,-1.0711668729782104,1.7705302238464355
0.3799999952316284,-1.0711668729782104,1.7709496021270752
0.38999998569488525,-1.0711668729782104,1.7661056518554688
0.4000000059604645,-1.0711668729782104,1.7621952295303345
0.4099999964237213,-1.0711668729782104,1.7697302103042603
0.41999998688697815,-1.0711668729782104,1.7698023319244385
0.4300000071525574,-1.0711668729782104,1.7623016834259033
0.4399999976158142,-1.0711668729782104,1.7698986530303955
0.44999998807907104,-1.0711668729782104,1.7634860277175903
0.46000000834465027,-1.0711668729782104,1.7661786079406738
0.4699999988079071,-1.0711668729782104,1.7634291648864746
0.47999998927116394,-1.0711668729782104,1.7656410932540894
0.49000000953674316,-1.0711668729782104,1.7661412954330444
0.5,-1.0711668729782104,1.7706257104873657
0.5099999904632568,-1.0711668729782104,1.764475703239441
0.5199999809265137,-1.0711668729782104,1.769016146659851
0.5299999713897705,-1.0711668729782104,1.7696257829666138
0.5400000214576721,-1.0711668729782104,1.7620843648910522
0.550000011920929,-1.0711668729782104,1.7669283151626587
0.5600000023841858,-1.0711668729782104,1.7711187601089478
0.5699999928474426,-1.0711668729782104,1.7692546844482422
0.5799999833106995,-1.0711668729782104,1.7661486864089966
0.5899999737739563,-1.0711668729782104,1.770476222038269
0.6000000238418579,-1.0711668729782104,1.7700386047363281
0.6100000143051147,-1.0711668729782104,1.7668918371200562
0.6200000047683716,-1.0711668729782104,1.7701144218444824
0.6299999952316284,-1.0711668729782104,1.7666095495224
0.6399999856948853,-1.0711668729782104,1.7626386880874634
0.6499999761581421,-1.0711668729782104,1.770476222038269
0.6600000262260437,-1.0711668729782104,1.769706130027771
0.6700000166893005,-1.0711668729782104,1.7648112773895264
0.6800000071525574,-1.0711668729782104,1.769286036491394
0.6899999976158142,-1.0711668729782104,1.7620136737823486
0.699999988079071,-1.0711668729782104,1.7693531513214111
0.7099999785423279,-1.0711668729782104,1.7626473903656006
0.7200000286102295,-1.0711668729782104,1.7694603204727173
0.7300000190734863,-1.0711668729782104,1.768271565437317
0.7400000095367432,-1.0711668729782104,1.7697783708572388
0.75,-1.0711668729782104,1.7692729234695435
0.7599999904632568,-1.0711668729782104,1.7615009546279907
0.7699999809265137,-1.0711668729782104,1.7621536254882812
0.7799999713897705,-1.0711668729782104,1.7699073553085327
0.7900000214576721,-1.0711668729782104,1.7670230865478516
0.800000011920929,-1.0711668729782104,1.770476222038269
0.8100000023841858,-1.0711668729782104,1.770476222038269
0.8199999928474426,-1.0711668729782104,1.77035653591156
0.8299999833106995,-1.0711668729782104,1.7684597969055176
0.8399999737739563,-1.0711668729782104,1.7622243165969849
0.8500000238418579,-1.0711668729782104,1.7663849592208862
0.8600000143051147,-1.0711668729782104,1.770476222038269
0.8700000047683716,-1.0711668729782104,1.770476222038269
0.8799999952316284,-1.0711668729782104,1.770476222038269
0.8899999856948853,-1.0711668729782104,1.770476222038269
0.8999999761581421,-1.0711668729782104,1.770476222038269
0.9100000262260437,-1.0711668729782104,1.770476222038269
0.9200000166893005,-1.0711668729782104,1.7703419923782349
0.9300000071525574,-1.0711668729782104,1.7698060274124146
0.9399999976158142,-1.0711668729782104,1.770476222038269
0.949999988079071,-1.0711668729782104,1.7689521312713623
0.9599999785423279,-1.0711668729782104,1.7631521224975586
0.9700000286102295,-1.0711668729782104,1.769910216331482
0.9800000190734863,-1.0711668729782104,1.7678245306015015
0.9900000095367432,-1.0711668729782104,1.770620584487915
1,-1.0711668729782104,1.7711361646652222
1.0099999904632568,-1.0711668729782104,1.7688558101654053
1.0199999809265137,-1.0711668729782104,1.761611819267273
1.0299999713897705,-1.0711668729782104,1.762963891029358
1.0399999618530273,-1.0711668729782104,1.7691679000854492
1.0499999523162842,-1.0711668729782104,1.7698636054992676
1.059999942779541,-1.0711668729782104,1.7678712606430054
1.0700000524520874,-1.0711668729782104,1.7687594890594482
1.0800000429153442,-1.0711668729782104,1.762399435043335
1.090000033378601,-1.0711668729782104,1.7656410932540894
1.100000023841858,-1.0711668729782104,1.7648389339447021
1.1100000143051147,-1.0711668729782104,1.761611819267273
1.1200000047683716,-1.0711668729782104,1.7625919580459595
1.1299999952316284,-1.0711668729782104,1.7667765617370605
1.1399999856948853,-1.0711668729782104,1.7685574293136597
1.149999976158142,-1.0711668729782104,1.770308494567871
1.159999966621399,-1.0711668729782104,1.768993616104126
1.1699999570846558,-1.0711668729782104,1.7673002481460571
1.1799999475479126,-1.0711668729782104,1.770476222038269
1.190000057220459,-1.0711668729782104,1.7685669660568237
1.2000000476837158,-1.0711668729782104,1.7626620531082153
1.2100000381469727,-1.0711668729782104,1.7673293352127075
1.2200000286102295,-1.0711668729782104,1.7695865631103516
1.2300000190734863,-1.0711668729782104,1.7664469480514526
1.2400000095367432,-1.0711668729782104,1.7671703100204468
1.25,-1.0711668729782104,1.768758773803711
1.2599999904632568,-1.0711668729782104,1.766743779182434
1.2699999809265137,-1.0711668729782104,1.769550085067749
1.2799999713897705,-1.0711668729782104,1.7673803567886353
1.2899999618530273,-1.0711668729782104,1.770476222038269
1.2999999523162842,-1.0711668729782104,1.770476222038269
1.309999942779541,-1.0711668729782104,1.7702851295471191
1.3200000524520874,-1.0711668729782104,1.7687076330184937
1.3300000429153442,-1.0711668729782104,1.7648651599884033
1.340000033378601,-1.0711668729782104,1.763003945350647
1.350000023841858,-1.0711668729782104,1.766607403755188
1.3600000143051147,-1.0711668729782104,1.769509196281433
1.3700000047683716,-1.0711668729782104,1.7638098001480103
1.3799999952316284,-1.0711668729782104,1.770476222038269
1.3899999856948853,-1.0711668729782104,1.768246054649353
1.399999976158142,-1.0711668729782104,1.7636537551879883
1.409999966621399,-1.0711668729782104,1.769053339958191
1.4199999570846558,-1.0711668729782104,1.7682883739471436
1.4299999475479126,-1.0711668729782104,1.7698220014572144
1.440000057220459,-1.0711668729782104,1.7669012546539307
1.4500000476837158,-1.0711668729782104,1.767938256263733
1.4600000381469727,-1.0711668729782104,1.7633613348007202
1.4700000286102295,-1.0711668729782104,1.7683321237564087
1.4800000190734863,-1.0711668729782104,1.7645763158798218
1.4900000095367432,-1.0711668729782104,1.770476222038269
1.5,-1.0711668729782104,1.7691636085510254
1.5099999904632568,-1.0711668729782104,1.7669625282287598
1.5199999809265137,-1.0711668729782104,1.7702544927597046
1.5299999713897705,-1.0711668729782104,1.7698935270309448
1.5399999618530273,-1.0711668729782104,1.76800537109375
1.5499999523162842,-1.0711668729782104,1.7636464834213257
1.559999942779541,-1.0711668729782104,1.7693195343017578
1.5700000524520874,-1.0711668729782104,1.770247220993042
1.5800000429153442,-1.0711668729782104,1.7699007987976074
1.590000033378601,-1.0711668729782104,1.7679251432418823
1.600000023841858,-1.0711668729782104,1.763945460319519
1.6100000143051147,-1.0711668729782104,1.7687309980392456
1.6200000047683716,-1.0711668729782104,1.7664469480514526
1.6299999952316284,-1.0711668729782104,1.767635703086853
1.6399999856948853,-1.0711668729782104,1.7678450345993042
1.649999976158142,-1.0711668729782104,1.7640185356140137
1.659999966621399,-1.0711668729782104,1.7699124813079834
1.6699999570846558,-1.0711668729782104,1.770476222038269
1.6799999475479126,-1.0711668729782104,1.768515944480896
1.690000057220459,-1.0711668729782104,1.7645223140716553
1.7000000476837158,-1.0711668729782104,1.7644013166427612
1.7100000381469727,-1.0711668729782104,1.7613623142242432
1.7200000286102295,-1.0711668729782104,1.7618094682693481
1.7300000190734863,-1.0711668729782104,1.7660480737686157
1.7400000095367432,-1.0711668729782104,1.7676844596862793
1.75,-1.0711668729782104,1.763909101486206
1.7599999904632568,-1.0711668729782104,1.7693779468536377
1.7699999809265137,-1.0711668729782104,1.770476222038269
1.7799999713897705,-1.0711668729782104,1.7707358598709106
1.7899999618530273,-1.0711668729782104,1.7712820768356323
1.7999999523162842,-1.0711668729782104,1.7681316137313843
1.809999942779541,-1.0711668729782104,1.7645158767700195
1.8200000524520874,-1.0711668729782104,1.7675561904907227
1.8300000429153442,-1.0711668729782104,1.7618787288665771
1.840000033378601,-1.0711668729782104,1.765101432800293
1.850000023841858,-1.071166753768921,1.770476222038269
1.8600000143051147,-1.0711668729782104,1.770476222038269
1.8700000047683716,-1.0711668729782104,1.770476222038269
1.8799999952316284,-1.0711668729782104,1.770476222038269
1.8899999856948853,-1.071166753768921,1.769097924232483
1.899999976158142,-1.0711668729782104,1.767832636833191
1.909999966621399,-1.0711668729782104,1.770476222038269
1.9199999570846558,-1.0711668729782104,1.7707562446594238
1.9299999475479126,-1.0711668729782104,1.7679040431976318
1.940000057220459,-1.0711668729782104,1.7647244930267334
1.9500000476837158,-1.0711668729782104,1.770476222038269
1.9600000381469727,-1.0711668729782104,1.770476222038269
1.9700000286102295,-1.0711668729782104,1.769039511680603
1.9800000190734863,-1.0711668729782104,1.7664469480514526
1.9900000095367432,-1.0711668729782104,1.7647054195404053
2,-1.0711668729782104,1.761611819267273
2.009999990463257,-1.0711668729782104,1.763077735900879
2.0199999809265137,-1.0711668729782104,1.7641679048538208
2.0299999713897705,-1.0711668729782104,1.761611819267273
2.0399999618530273,-1.0711668729782104,1.7613142728805542
2.049999952316284,-1.0711668729782104,1.7628990411758423
2.059999942779541,-1.0711668729782104,1.7649446725845337
2.069999933242798,-1.0711668729782104,1.7639273405075073
2.0799999237060547,-1.0711668729782104,1.7679638862609863
2.0899999141693115,-1.0711668729782104,1.7686471939086914
2.0999999046325684,-1.0711668729782104,1.7659474611282349
2.109999895095825,-1.0711668729782104,1.7679857015609741
2.119999885559082,-1.0711668729782104,1.770476222038269
2.130000114440918,-1.0711668729782104,1.768612265586853
2.140000104904175,-1.0711668729782104,1.7672017812728882
2.1500000953674316,-1.0711668729782104,1.768729567527771
2.1600000858306885,-1.0711668729782104,1.765047550201416
2.1700000762939453,-1.0711668729782104,1.765093445777893
2.180000066757202,-1.0711668729782104,1.770476222038269
2.190000057220459,-1.0711668729782104,1.7701568603515625
2.200000047683716,-1.0711668729782104,1.7683868408203125
2.2100000381469727,-1.0711668729782104,1.7680586576461792
2.2200000286102295,-1.0711668729782104,1.770476222038269
2.2300000190734863,-1.0711668729782104,1.7688498497009277
2.240000009536743,-1.0711668729782104,1.764159917831421
2.25,-1.0711668729782104,1.761134147644043
2.259999990463257,-1.0711668729782104,1.7645785808563232
2.2699999809265137,-1.0711668729782104,1.7672090530395508
2.2799999713897705,-1.0711668729782104,1.7671630382537842
2.2899999618530273,-1.0711668729782104,1.7694741487503052
2.299999952316284,-1.0711668729782104,1.765710473060608
2.309999942779541,-1.0711668729782104,1.7657870054244995
2.319999933242798,-1.0711668729782104,1.766753911972046
2.3299999237060547,-1.0711668729782104,1.765350103378296
2.3399999141693115,-1.0711668729782104,1.770476222038269
2.3499999046325684,-1.0711668729782104,1.766705870628357
2.359999895095825,-1.0711668729782104,1.7612675428390503
2.369999885559082,-1.0711668729782104,1.7649542093276978
2.380000114440918,-1.0711668729782104,1.770476222038269
2.390000104904175,-1.0711668729782104,1.7662930488586426
2.4000000953674316,-1.0711668729782104,1.7650066614151
2.4100000858306885,-1.0711668729782104,1.770476222038269
2.4200000762939453,-1.0711668729782104,1.7701232433319092
2.430000066757202,-1.0711668729782104,1.7700247764587402
2.440000057220459,-1.0711668729782104,1.77012038230896
2.450000047683716,-1.0711668729782104,1.769313097000122
2.4600000381469727,-1.0711668729782104,1.7652764320373535
2.4700000286102295,-1.0711668729782104,1.763688087463379
2.4800000190734863,-1.0711668729782104,1.7686996459960938
2.490000009536743,-1.0711668729782104,1.7664811611175537
2.5,-1.0711668729782104,1.7634350061416626
2.509999990463257,-1.0711668729782104,1.763810634613037
2.5199999809265137,-1.0711668729782104,1.7634496688842773
2.5299999713897705,-1.0711668729782104,1.767855167388916
2.5399999618530273,-1.0711668729782104,1.7664010524749756
2.549999952316284,-1.0711668729782104,1.7638434171676636
2.559999942779541,-1.0711668729782104,1.764953374862671
2.569999933242798,-1.0711668729782104,1.7624738216400146
2.5799999237060547,-1.0711668729782104,1.7638696432113647
2.5899999141693115,-1.0711668729782104,1.7683358192443848
2.5999999046325684,-1.0711668729782104,1.770476222038269
2.609999895095825,-1.0711668729782104,1.770476222038269
2.619999885559082,-1.0711668729782104,1.770476222038269
2.630000114440918,-1.0711668729782104,1.770476222038269
2.640000104904175,-1.0711668729782104,1.7681658267974854
2.6500000953674316,-1.0711668729782104,1.7679601907730103
2.6600000858306885,-1.0711668729782104,1.7693122625350952
2.6700000762939453,-1.0711668729782104,1.7649431228637695
2.680000066757202,-1.0711668729782104,1.76200270652771
2.690000057220459,-1.0711668729782104,1.7651641368865967
2.700000047683716,-1.0711668729782104,1.7692400217056274
2.7100000381469727,-1.0711668729782104,1.7700809240341187
2.7200000286102295,-1.0711668729782104,1.7700670957565308
2.7300000190734863,-1.0711668729782104,1.7708743810653687
2.740000009536743,-1.0711668729782104,1.7708823680877686
2.75,-1.0711668729782104,1.770476222038269
2.759999990463257,-1.0711668729782104,1.7684634923934937
2.7699999809265137,-1.0711668729782104,1.7640228271484375
2.7799999713897705,-1.0711668729782104,1.7660720348358154
2.7899999618530273,-1.0711668729782104,1.770476222038269
2.799999952316284,-1.0711668729782104,1.770476222038269
2.809999942779541,-1.0711668729782104,1.770476222038269
2.819999933242798,-1.0711668729782104,1.770476222038269
2.8299999237060547,-1.0711668729782104,1.7659357786178589
2.8399999141693115,-1.0711668729782104,1.7661683559417725
2.8499999046325684,-1.0711668729782104,1.7683978080749512
2.859999895095825,-1.0711668729782104,1.7660298347473145
2.869999885559082,-1.0711668729782104,1.7681527137756348
2.880000114440918,-1.0711668729782104,1.7679557800292969
2.890000104904175,-1.0711668729782104,1.7681702375411987
2.9000000953674316,-1.0711668729782104,1.769207239151001
2.9100000858306885,-1.0711668729782104,1.769331932067871
2.9200000762939453,-1.0711668729782104,1.770476222038269
2.930000066757202,-1.0711668729782104,1.7657753229141235
2.940000057220459,-1.0711668729782104,1.761611819267273
2.950000047683716,-1.0711668729782104,1.76548433303833
2.9600000381469727,-1.0711668729782104,1.7649788856506348
2.9700000286102295,-1.0711668729782104,1.761611819267273
2.9800000190734863,-1.0711668729782104,1.7637851238250732
2.990000009536743,-1.0711668729782104,1.767385482788086
3,-1.0711668729782104,1.7697396278381348
3.009999990463257,-1.0711668729782104,1.770476222038269
3.0199999809265137,-1.0711668729782104,1.770476222038269
3.0299999713897705,-1.0711668729782104,1.770476222038269
3.0399999618530273,-1.0711668729782104,1.770476222038269
3.049999952316284,-1.0711668729782104,1.7700313329696655
3.059999942779541,-1.0711668729782104,1.7652071714401245
3.069999933242798,-1.0711668729782104,1.761611819267273
3.0799999237060547,-1.0711668729782104,1.761611819267273
3.0899999141693115,-1.0711668729782104,1.7670202255249023
3.0999999046325684,-1.0711668729782104,1.7708299160003662
3.109999895095825,-1.0711668729782104,1.7682081460952759
3.119999885559082,-1.0711668729782104,1.7687222957611084
3.130000114440918,-1.0711668729782104,1.770476222038269
3.140000104904175,-1.0711668729782104,1.7695602178573608
3.1500000953674316,-1.0711668729782104,1.7693239450454712
3.1600000858306885,-1.0711668729782104,1.765061378479004
3.1700000762939453,-1.0711668729782104,1.7639236450195312
3.180000066757202,-1.0711668729782104,1.7633219957351685
3.190000057220459,-1.0711668729782104,1.7667299509048462
3.200000047683716,-1.0711668729782104,1.7648752927780151
3.2100000381469727,-1.0711668729782104,1.766424298286438
3.2200000286102295,-1.0711668729782104,1.770006537437439
3.2300000190734863,-1.0711668729782104,1.766372561454773
3.240000009536743,-1.0711668729782104,1.762139081954956
3.25,-1.0711668729782104,1.7627021074295044
3.259999990463257,-1.0711668729782104,1.7678333520889282
3.2699999809265137,-1.0711668729782104,1.7652298212051392
3.2799999713897705,-1.0711668729782104,1.7668743133544922
3.2899999618530273,-1.0711668729782104,1.7699964046478271
3.299999952316284,-1.0711668729782104,1.7672637701034546
3.309999942779541,-1.0711668729782104,1.762744426727295
3.319999933242798,-1.0711668729782104,1.7666168212890625
3.3299999237060547,-1.0711668729782104,1.770476222038269
3.3399999141693115,-1.0711668729782104,1.770476222038269
3.3499999046325684,-1.0711668729782104,1.770476222038269
3.359999895095825,-1.0711668729782104,1.7650854587554932
3.369999885559082,-1.0711668729782104,1.7670186758041382
3.380000114440918,-1.0711668729782104,1.770476222038269
3.390000104904175,-1.0711668729782104,1.770476222038269
3.4000000953674316,-1.0711668729782104,1.7694844007492065
3.4100000858306885,-1.0711668729782104,1.7698591947555542
3.4200000762939453,-1.0711668729782104,1.7674832344055176
3.430000066757202,-1.0711668729782104,1.768642783164978
3.440000057220459,-1.0711668729782104,1.770476222038269
3.450000047683716,-1.0711668729782104,1.770476222038269
3.4600000381469727,-1.0711668729782104,1.770476222038269
3.4700000286102295,-1.0711668729782104,1.767945647239685
3.4800000190734863,-1.0711668729782104,1.7659393548965454
3.490000009536743,-1.0711668729782104,1.7630958557128906
3.5,-1.0711668729782104,1.7646747827529907
3.509999990463257,-1.0711668729782104,1.7674708366394043
3.5199999809265137,-1.0711668729782104,1.7695989608764648
3.5299999713897705,-1.0711668729782104,1.770476222038269
3.5399999618530273,-1.0711668729782104,1.7673782110214233
3.549999952316284,-1.0711668729782104,1.766676664352417
3.559999942779541,-1.0711668729782104,1.7641372680664062
3.569999933242798,-1.0711668729782104,1.7618969678878784
3.5799999237060547,-1.0711668729782104,1.7610896825790405
3.5899999141693115,-1.0711668729782104,1.7665657997131348
3.5999999046325684,-1.0711668729782104,1.7644195556640625
3.609999895095825,-1.0711668729782104,1.7647711038589478
3.619999885559082,-1.0711668729782104,1.7690869569778442
3.630000114440918,-1.0711668729782104,1.769946813583374
3.640000104904175,-1.0711668729782104,1.770201325416565
3.6500000953674316,-1.0711668729782104,1.7678142786026
3.6600000858306885,-1.0711668729782104,1.7691161632537842
3.6700000762939453,-1.0711668729782104,1.7645879983901978
3.680000066757202,-1.071166753768921,1.767516016960144
3.690000057220459,-1.0711668729782104,1.770476222038269
3.700000047683716,-1.0711668729782104,1.770476222038269
3.7100000381469727,-1.0711668729782104,1.7829222679138184
3.7200000286102295,-1.0711668729782104,1.7841277122497559
3.7300000190734863,-1.0711668729782104,1.788286805152893
3.740000009536743,-1.0711668729782104,1.7848825454711914
3.75,-1.0711668729782104,1.788321852684021
3.759999990463257,-1.0711668729782104,1.791428565979004
3.7699999809265137,-1.0711668729782104,1.791428565979004
3.7799999713897705,-1.0711668729782104,1.791428565979004
3.7899999618530273,-1.0711668729782104,1.79032301902771
3.799999952316284,-1.0711668729782104,1.790371060371399
3.809999942779541,-1.0711668729782104,1.7906227111816406
3.819999933242798,-1.0711668729782104,1.7850509881973267
3.8299999237060547,-1.0711668729782104,1.788709044456482
3.8399999141693115,-1.0711668729782104,1.7908685207366943
3.8499999046325684,-1.0711668729782104,1.7883765697479248
3.859999895095825,-1.0711668729782104,1.7834582328796387
3.869999885559082,-1.0711668729782104,1.7823227643966675
3.880000114440918,-1.0711668729782104,1.7887892723083496
3.890000104904175,-1.0711668729782104,1.7846200466156006
3.9000000953674316,-1.0711668729782104,1.7880154848098755
3.9100000858306885,-1.0711668729782104,1.7911930084228516
3.9200000762939453,-1.0711668729782104,1.791428565979004
3.930000066757202,-1.0711668729782104,1.791428565979004
3.940000057220459,-1.0711668729782104,1.791428565979004
3.950000047683716,-1.0711668729782104,1.7885478734970093
3.9600000381469727,-1.0711668729782104,1.7862441539764404
3.9700000286102295,-1.0711668729782104,1.7828923463821411
3.9800000190734863,-1.0711668729782104,1.784660816192627
3.990000009536743,-1.0711668729782104,1.7869515419006348
4,-1.0711668729782104,1.7862324714660645
4.010000228881836,-1.0711668729782104,1.7828631401062012
4.019999980926514,-1.0711668729782104,1.785862684249878
4.03000020980835,-1.0711668729782104,1.7903382778167725
4.039999961853027,-1.0711668729782104,1.791428565979004
4.050000190734863,-1.0711668729782104,1.78788423538208
4.059999942779541,-1.0711668729782104,1.7901464700698853
4.070000171661377,-1.0711668729782104,1.791428565979004
4.079999923706055,-1.0711668729782104,1.790238380432129
4.090000152587891,-1.0711668729782104,1.7844479084014893
4.099999904632568,-1.0711668729782104,1.7891422510147095
4.110000133514404,-1.0711668729782104,1.791428565979004
4.119999885559082,-1.0711668729782104,1.791428565979004
4.130000114440918,-1.0711668729782104,1.7841999530792236
4.139999866485596,-1.0711668729782104,1.7853814363479614
4.150000095367432,-1.0711668729782104,1.7829616069793701
4.159999847412109,-1.0711668729782104,1.7890394926071167
4.170000076293945,-1.0711668729782104,1.791428565979004
4.179999828338623,-1.0711668729782104,1.791428565979004
4.190000057220459,-1.0711668729782104,1.791428565979004
4.199999809265137,-1.0711668729782104,1.7908159494400024
4.210000038146973,-1.0711668729782104,1.7912367582321167
4.21999979019165,-1.0711668729782104,1.791428565979004
4.230000019073486,-1.0711668729782104,1.791428565979004
4.239999771118164,-1.0711668729782104,1.7840074300765991
4.25,-1.0711668729782104,1.7817583084106445
4.260000228881836,-1.0711668729782104,1.7892144918441772
4.269999980926514,-1.0711668729782104,1.790805697441101
4.28000020980835,-1.0711668729782104,1.791247010231018
4.289999961853027,-1.0711668729782104,1.791428565979004
4.300000190734863,-1.0711668729782104,1.791428565979004
4.309999942779541,-1.0711668729782104,1.791428565979004
4.320000171661377,-1.0711668729782104,1.7876479625701904
4.329999923706055,-1.0711668729782104,1.790382742881775
4.340000152587891,-1.0711668729782104,1.791428565979004
4.349999904632568,-1.0711668729782104,1.791428565979004
4.360000133514404,-1.0711668729782104,1.791428565979004
4.369999885559082,-1.0711668729782104,1.791428565979004
4.380000114440918,-1.0711668729782104,1.791428565979004
4.389999866485596,-1.0711668729782104,1.791428565979004
4.400000095367432,-1.0711668729782104,1.7901450395584106
4.409999847412109,-1.0711668729782104,1.7911033630371094
4.420000076293945,-1.0711668729782104,1.791428565979004
4.429999828338623,-1.0711668729782104,1.7907824516296387
4.440000057220459,-1.0711668729782104,1.7834991216659546
4.449999809265137,-1.0711668729782104,1.78889799118042
4.460000038146973,-1.0711668729782104,1.7912732362747192
4.46999979019165,-1.0711668729782104,1.7836048603057861
4.480000019073486,-1.0711668729782104,1.7817583084106445
4.489999771118164,-1.0711668729782104,1.7889621257781982
4.5,-1.0711668729782104,1.7912790775299072
4.510000228881836,-1.0711668729782104,1.7887972593307495
4.519999980926514,-1.0711668729782104,1.7882051467895508
4.53000020980835,-1.0711668729782104,1.7829192876815796
4.539999961853027,-1.0711668729782104,1.789042353630066
4.550000190734863,-1.0711668729782104,1.7873045206069946
4.559999942779541,-1.0711668729782104,1.7905840873718262
4.570000171661377,-1.0711668729782104,1.791428565979004
4.579999923706055,-1.0711668729782104,1.791428565979004
4.590000152587891,-1.0711668729782104,1.791428565979004
4.599999904632568,-1.0711668729782104,1.7880738973617554
4.610000133514404,-1.0711668729782104,1.782692551612854
4.619999885559082,-1.0711668729782104,1.787822961807251
4.630000114440918,-1.0711668729782104,1.7883356809616089
4.639999866485596,-1.0711668729782104,1.787528395652771
4.650000095367432,-1.0711668729782104,1.7907904386520386
4.659999847412109,-1.0711668729782104,1.791428565979004
4.670000076293945,-1.0711668729782104,1.791428565979004
4.679999828338623,-1.0711668729782104,1.7900633811950684
4.690000057220459,-1.0711668729782104,1.7829761505126953
4.699999809265137,-1.0711668729782104,1.7899845838546753
4.710000038146973,-1.0711668729782104,1.791428565979004
4.71999979019165,-1.0711668729782104,1.7831672430038452
4.730000019073486,-1.0711668729782104,1.785207748413086
4.739999771118164,-1.0711668729782104,1.790627121925354
4.75,-1.0711668729782104,1.791428565979004
4.760000228881836,-1.0711668729782104,1.791428565979004
4.769999980926514,-1.0711668729782104,1.791428565979004
4.78000020980835,-1.0711668729782104,1.788639783859253
4.789999961853027,-1.0711668729782104,1.7903010845184326
4.800000190734863,-1.0711668729782104,1.7913228273391724
4.809999942779541,-1.0711668729782104,1.791428565979004
4.820000171661377,-1.0711668729782104,1.790725588798523
4.829999923706055,-1.0711668729782104,1.7913272380828857
4.840000152587891,-1.0711668729782104,1.791428565979004
4.849999904632568,-1.0711668729782104,1.786476731300354
4.860000133514404,-1.0711668729782104,1.7843698263168335
4.869999885559082,-1.0711668729782104,1.7898584604263306
4.880000114440918,-1.0711668729782104,1.7827931642532349
4.889999866485596,-1.0711668729782104,1.7888907194137573
4.900000095367432,-1.0711668729782104,1.7833845615386963
4.909999847412109,-1.0711668729782104,1.7861449718475342
4.920000076293945,-1.0711668729782104,1.7901815176010132
4.929999828338623,-1.0711668729782104,1.791341781616211
4.940000057220459,-1.0711668729782104,1.791428565979004
4.949999809265137,-1.0711668729782104,1.7885406017303467
4.960000038146973,-1.0711668729782104,1.7824175357818604
4.96999979019165,-1.0711668729782104,1.7904571294784546
4.980000019073486,-1.0711668729782104,1.7877967357635498
4.989999771118164,-1.0711668729782104,1.785943627357483
5,-1.0711668729782104,1.7865169048309326
5.010000228881836,-1.0711668729782104,1.782209038734436
5.019999980926514,-1.0711668729782104,1.789080262184143
5.03000020980835,-1.0711668729782104,1.791284203529358
5.039999961853027,-1.0711668729782104,1.7892231941223145
5.050000190734863,-1.0711668729782104,1.7912206649780273
5.059999942779541,-1.0711668729782104,1.791428565979004
5.070000171661377,-1.0711668729782104,1.791428565979004
5.079999923706055,-1.0711668729782104,1.791428565979004
5.090000152587891,-1.0711668729782104,1.791428565979004
5.099999904632568,-1.0711668729782104,1.791428565979004
5.110000133514404,-1.0711668729782104,1.791428565979004
5.119999885559082,-1.0711668729782104,1.7824671268463135
5.130000114440918,-1.0711668729782104,1.7884924411773682
5.139999866485596,-1.0711668729782104,1.7845127582550049
5.150000095367432,-1.0711668729782104,1.7819223403930664
5.159999847412109,-1.0711668729782104,1.785521388053894
5.170000076293945,-1.0711668729782104,1.7903120517730713
5.179999828338623,-1.0711668729782104,1.7913782596588135
5.190000057220459,-1.0711668729782104,1.7861295938491821
5.199999809265137,-1.0711668729782104,1.7910966873168945
5.210000038146973,-1.0711668729782104,1.782309651374817
5.21999979019165,-1.0711668729782104,1.7817583084106445
5.230000019073486,-1.0711668729782104,1.7870980501174927
5.239999771118164,-1.0711668729782104,1.782049298286438
5.25,-1.0711668729782104,1.7901815176010132
5.260000228881836,-1.0711668729782104,1.7913899421691895
5.269999980926514,-1.0711668729782104,1.791428565979004
5.28000020980835,-1.0711668729782104,1.7821871042251587
5.289999961853027,-1.0711668729782104,1.7910172939300537
5.300000190734863,-1.0711668729782104,1.7852442264556885
5.309999942779541,-1.0711668729782104,1.7888542413711548
5.320000171661377,-1.0711668729782104,1.7828034162521362
5.329999923706055,-1.0711668729782104,1.7911157608032227
5.340000152587891,-1.0711668729782104,1.791428565979004
5.349999904632568,-1.0711668729782104,1.791428565979004
5.360000133514404,-1.0711668729782104,1.7906467914581299
5.369999885559082,-1.0711668729782104,1.7914059162139893
5.380000114440918,-1.0711668729782104,1.791428565979004
5.389999866485596,-1.0711668729782104,1.7819945812225342
5.400000095367432,-1.0711668729782104,1.7912098169326782
5.409999847412109,-1.0711668729782104,1.7819595336914062
5.420000076293945,-1.0711668729782104,1.7912447452545166
5.429999828338623,-1.0711668729782104,1.791428565979004
5.440000057220459,-1.0711668729782104,1.790635108947754
5.449999809265137,-1.0711668729782104,1.7906227111816406
5.460000038146973,-1.0711668729782104,1.7818626165390015
5.46999979019165,-1.0711668729782104,1.7913322448730469
5.480000019073486,-1.0711668729782104,1.791428565979004
5.489999771118164,-1.0711668729782104,1.791428565979004
5.5,-1.0711668729782104,1.791428565979004
5.510000228881836,-1.0711668729782104,1.791428565979004
5.519999980926514,-1.0711668729782104,1.7817670106887817
5.53000020980835,-1.0711668729782104,1.7817845344543457
5.539999961853027,-1.0711668729782104,1.791428565979004
5.550000190734863,-1.0711668729782104,1.791428565979004
5.559999942779541,-1.0711668729782104,1.7914220094680786
5.570000171661377,-1.0711668729782104,1.7906306982040405
5.579999923706055,-1.0711668729782104,1.7913148403167725
5.590000152587891,-1.0711668729782104,1.7818567752838135
5.599999904632568,-1.071166753768921,1.7888994216918945
5.610000133514404,-1.0711668729782104,1.7819246053695679
5.619999885559082,-1.0711668729782104,1.7914133071899414
5.630000114440918,-1.0711668729782104,1.7905555963516235
5.639999866485596,-1.071166753768921,1.7874904870986938
5.650000095367432,-1.0711668729782104,1.7911922931671143
5.659999847412109,-1.0711668729782104,1.7820121049880981
5.670000076293945,-1.0711668729782104,1.791428565979004
5.679999828338623,-1.0711668729782104,1.791428565979004
5.690000057220459,-1.0711668729782104,1.791428565979004
5.699999809265137,-1.0711668729782104,1.791293740272522
5.710000038146973,-1.0711668729782104,1.7872570753097534
5.71999979019165,-1.0711668729782104,1.7836390733718872
5.730000019073486,-1.0711668729782104,1.7904345989227295
5.739999771118164,-1.0711668729782104,1.7858532667160034
5.75,-1.0711668729782104,1.787536382675171
5.760000228881836,-1.0711668729782104,1.7906584739685059
5.769999980926514,-1.0711668729782104,1.791428565979004
5.78000020980835,-1.0711668729782104,1.7909648418426514
5.789999961853027,-1.0711668729782104,1.7822396755218506
5.800000190734863,-1.0711668729782104,1.791428565979004
5.809999942779541,-1.0711668729782104,1.791428565979004
5.820000171661377,-1.0711668729782104,1.7908947467803955
5.829999923706055,-1.0711668729782104,1.782309651374817
5.840000152587891,-1.0711668729782104,1.7913811206817627
5.849999904632568,-1.0711668729782104,1.7906715869903564
5.860000133514404,-1.0711668729782104,1.791428565979004
5.869999885559082,-1.0711668729782104,1.79106605052948
5.880000114440918,-1.0711668729782104,1.785521388053894
5.889999866485596,-1.0711668729782104,1.7824146747589111
5.900000095367432,-1.0711668729782104,1.791428565979004
5.909999847412109,-1.0711668729782104,1.7907371520996094
5.920000076293945,-1.0711668729782104,1.7821717262268066
5.929999828338623,-1.0711668729782104,1.7869755029678345
5.940000057220459,-1.0711668729782104,1.7821922302246094
5.949999809265137,-1.0711668729782104,1.7877165079116821
5.960000038146973,-1.0711668729782104,1.791428565979004
5.96999979019165,-1.0711668729782104,1.7906322479248047
5.980000019073486,-1.0711668729782104,1.7817583084106445
5.989999771118164,-1.0711668729782104,1.7817583084106445
6,-1.0711668729782104,1.7826071977615356
6.010000228881836,-1.0711668729782104,1.791428565979004
6.019999980926514,-1.0711668729782104,1.791428565979004
6.03000020980835,-1.0711668729782104,1.7909027338027954
6.039999961853027,-1.0711668729782104,1.7854046821594238
6.050000190734863,-1.0711668729782104,1.782694697380066
6.059999942779541,-1.0711668729782104,1.7911105155944824
6.070000171661377,-1.0711668729782104,1.7875574827194214
6.079999923706055,-1.0711668729782104,1.7823351621627808
6.090000152587891,-1.0711668729782104,1.78681218624115
6.099999904632568,-1.0711668729782104,1.7827821969985962
6.110000133514404,-1.0711668729782104,1.791428565979004
6.119999885559082,-1.0711668729782104,1.7911639213562012
6.130000114440918,-1.0711668729782104,1.7892801761627197
6.139999866485596,-1.0711668729782104,1.7903345823287964
6.150000095367432,-1.0711668729782104,1.7817583084106445
6.159999847412109,-1.0711668729782104,1.7823227643966675
6.170000076293945,-1.0711668729782104,1.787166714668274
6.179999828338623,-1.0711668729782104,1.791428565979004
6.190000057220459,-1.0711668729782104,1.791330099105835
6.199999809265137,-1.0711668729782104,1.789523720741272
6.210000038146973,-1.0711668729782104,1.7826707363128662
6.21999979019165,-1.0711668729782104,1.7885997295379639
6.230000019073486,-1.0711668729782104,1.785787582397461
6.239999771118164,-1.0711668729782104,1.7852588891983032
6.25,-1.0711668729782104,1.7829375267028809
6.260000228881836,-1.0711668729782104,1.7899707555770874
6.269999980926514,-1.0711668729782104,1.7865583896636963
6.28000020980835,-1.0711668729782104,1.791428565979004
6.289999961853027,-1.0711668729782104,1.7900720834732056
6.300000190734863,-1.0711668729782104,1.7818728685379028
6.309999942779541,-1.0711668729782104,1.7831438779830933
6.320000171661377,-1.0711668729782104,1.785888910293579
6.329999923706055,-1.0711668729782104,1.7831847667694092
6.340000152587891,-1.0711668729782104,1.790586233139038
6.349999904632568,-1.0711668729782104,1.7862746715545654
6.360000133514404,-1.0711668729782104,1.7893807888031006
6.369999885559082,-1.0711668729782104,1.791428565979004
6.380000114440918,-1.0711668729782104,1.791428565979004
6.389999866485596,-1.0711668729782104,1.789897084236145
6.400000095367432,-1.0711668729782104,1.7831782102584839
6.409999847412109,-1.0711668729782104,1.789186716079712
6.420000076293945,-1.0711668729782104,1.7817583084106445
6.429999828338623,-1.0711668729782104,1.7833597660064697
6.440000057220459,-1.0711668729782104,1.791428565979004
6.449999809265137,-1.0711668729782104,1.7911558151245117
6.460000038146973,-1.0711668729782104,1.7900924682617188
6.46999979019165,-1.0711668729782104,1.7910107374191284
6.480000019073486,-1.0711668729782104,1.789433240890503
6.489999771118164,-1.0711668729782104,1.791428565979004
6.5,-1.0711668729782104,1.7902792692184448
6.510000228881836,-1.0711668729782104,1.7861428260803223
6.519999980926514,-1.0711668729782104,1.791428565979004
6.53000020980835,-1.0711668729782104,1.790688395500183
6.539999961853027,-1.0711668729782104,1.7863527536392212
6.550000190734863,-1.0711668729782104,1.7835699319839478
6.559999942779541,-0.4642106890678406,1.7877705097198486
6.570000171661377,1.0701203346252441,1.7731651067733765
6.579999923706055,1.0701203346252441,1.7766417264938354
6.590000152587891,1.0701203346252441,1.7731856107711792
6.599999904632568,1.0701203346252441,1.77693772315979
6.610000133514404,1.0701203346252441,1.7738593816757202
6.619999885559082,1.0701203346252441,1.7733772993087769
6.630000114440918,1.0702786445617676,1.770653486251831
6.639999866485596,1.0702229738235474,1.7759240865707397
6.650000095367432,1.0701203346252441,1.7688645124435425
6.659999847412109,1.0701203346252441,1.7688645124435425
6.670000076293945,1.0701203346252441,1.7698752880096436
6.679999828338623,1.0701203346252441,1.7736996412277222
6.690000057220459,1.0701203346252441,1.7726713418960571
6.699999809265137,1.0701203346252441,1.7705929279327393
6.710000038146973,1.0701203346252441,1.7769231796264648
6.71999979019165,1.0701203346252441,1.7770988941192627
6.730000019073486,1.0701203346252441,1.7757797241210938
6.739999771118164,1.0701203346252441,1.7708300352096558
6.75,1.0701203346252441,1.775747537612915
6.760000228881836,1.0701203346252441,1.7688645124435425
6.769999980926514,1.0701203346252441,1.7688645124435425
6.78000020980835,1.0701203346252441,1.770894169807434
6.789999961853027,1.0701203346252441,1.776799201965332
6.800000190734863,1.0701203346252441,1.7746367454528809
6.809999942779541,1.0701203346252441,1.7767846584320068
6.820000171661377,1.0701203346252441,1.7735092639923096
6.829999923706055,1.0701203346252441,1.7742364406585693
6.840000152587891,1.0701203346252441,1.7762157917022705
6.849999904632568,1.0701203346252441,1.7688645124435425
6.860000133514404,1.0701203346252441,1.7698454856872559
6.869999885559082,1.0701203346252441,1.773091435432434
6.880000114440918,1.0701203346252441,1.774496078491211
6.889999866485596,1.0701203346252441,1.7771236896514893
6.900000095367432,1.0703812837600708,1.7775269746780396
6.909999847412109,1.0701203346252441,1.7769231796264648
6.920000076293945,1.0701203346252441,1.7769231796264648
6.929999828338623,1.0701203346252441,1.7746529579162598
6.940000057220459,1.0701203346252441,1.7688900232315063
6.949999809265137,1.0701203346252441,1.7706540822982788
6.960000038146973,1.0701203346252441,1.7709721326828003
6.96999979019165,1.0701203346252441,1.7771354913711548
6.980000019073486,1.0703283548355103,1.7777290344238281
6.989999771118164,1.0701733827590942,1.7766532897949219
7,1.07033109664917,1.774782657623291
7.010000228881836,1.0701704025268555,1.7753303050994873
7.019999980926514,1.0701203346252441,1.771498680114746
7.03000020980835,1.0701203346252441,1.7783138751983643
7.039999961853027,1.0701203346252441,1.7759495973587036
7.050000190734863,1.0701203346252441,1.7730733156204224
7.059999942779541,1.0701203346252441,1.7752501964569092
7.070000171661377,1.0701203346252441,1.7688645124435425
7.079999923706055,1.0701203346252441,1.7713754177093506
7.090000152587891,1.0701203346252441,1.7777290344238281
7.099999904632568,1.0701203346252441,1.7749547958374023
7.110000133514404,1.0701203346252441,1.7680586576461792
7.119999885559082,1.0701203346252441,1.771101951599121
7.130000114440918,1.0701203346252441,1.7771214246749878
7.139999866485596,1.0701203346252441,1.7734625339508057
7.150000095367432,1.0701203346252441,1.771701455116272
7.159999847412109,1.0701203346252441,1.7688645124435425
7.170000076293945,1.0701203346252441,1.7712785005569458
7.179999828338623,1.0701203346252441,1.7771660089492798
7.190000057220459,1.0701203346252441,1.7777290344238281
7.199999809265137,1.0701203346252441,1.7762542963027954
7.210000038146973,1.0701203346252441,1.7716577053070068
7.21999979019165,1.0701203346252441,1.7716001272201538
7.230000019073486,1.0701203346252441,1.7762281894683838
7.239999771118164,1.0701203346252441,1.7716357707977295
7.25,1.0701203346252441,1.7698767185211182
7.260000228881836,1.0701203346252441,1.772597074508667
7.269999980926514,1.0703694820404053,1.773443579673767
7.28000020980835,1.0701321363449097,1.774438500404358
7.289999961853027,1.0703812837600708,1.7766934633255005
7.300000190734863,1.0701203346252441,1.7750262022018433
7.309999942779541,1.0701203346252441,1.7763789892196655
7.320000171661377,1.0703765153884888,1.776396632194519
7.329999923706055,1.0701249837875366,1.776105523109436
7.340000152587891,1.0701203346252441,1.7748010158538818
7.349999904632568,1.0701203346252441,1.7718086242675781
7.360000133514404,1.0701203346252441,1.7777290344238281
7.369999885559082,1.0701203346252441,1.7747528553009033
7.380000114440918,1.0701203346252441,1.770224690437317
7.389999866485596,1.0701203346252441,1.774534821510315
7.400000095367432,1.0701203346252441,1.7780039310455322
7.409999847412109,1.0701203346252441,1.7785348892211914
7.420000076293945,1.0701202154159546,1.7782570123672485
7.429999828338623,1.0701203346252441,1.7780083417892456
7.440000057220459,1.0701203346252441,1.7779734134674072
7.449999809265137,1.0701203346252441,1.7743829488754272
7.460000038146973,1.0701203346252441,1.7708051204681396
7.46999979019165,1.0701203346252441,1.7737492322921753
7.480000019073486,1.0703812837600708,1.7761712074279785
7.489999771118164,1.0701203346252441,1.7745603322982788
7.5,1.0701203346252441,1.7688645124435425
7.510000228881836,1.0701203346252441,1.7720654010772705
7.519999980926514,1.0701203346252441,1.7777290344238281
7.53000020980835,1.0701203346252441,1.7750838994979858
7.539999961853027,1.0701204538345337,1.7725437879562378
7.550000190734863,1.0703812837600708,1.776710867881775
7.559999942779541,1.0701203346252441,1.777430772781372
7.570000171661377,1.0701203346252441,1.7769231796264648
7.579999923706055,1.0701203346252441,1.7769231796264648
7.590000152587891,1.0701203346252441,1.77389657497406
7.599999904632568,1.0701203346252441,1.7722097635269165
7.610000133514404,1.0701203346252441,1.7777290344238281
7.619999885559082,1.0701203346252441,1.7761938571929932
7.630000114440918,1.0701203346252441,1.7752420902252197
7.639999866485596,1.0701203346252441,1.7746295928955078
7.650000095367432,1.0701203346252441,1.7730958461761475
7.659999847412109,1.0701203346252441,1.774780511856079
7.670000076293945,1.0701203346252441,1.7716933488845825
7.679999828338623,1.0701203346252441,1.774854063987732
7.690000057220459,1.0701203346252441,1.7751145362854004
7.699999809265137,1.0701203346252441,1.775029182434082
7.710000038146973,1.0701203346252441,1.7725517749786377
7.71999979019165,1.0701203346252441,1.7737070322036743
7.730000019073486,1.0701203346252441,1.7724182605743408
7.739999771118164,1.0701751708984375,1.7741590738296509
7.75,1.0703264474868774,1.7688645124435425
7.760000228881836,1.0701203346252441,1.7688645124435425
7.769999980926514,1.0701203346252441,1.7688645124435425
7.78000020980835,1.0701203346252441,1.772498607635498
7.789999961853027,1.0701203346252441,1.7760698795318604
7.800000190734863,1.0701203346252441,1.7716999053955078
7.809999942779541,1.0701203346252441,1.7725467681884766
7.820000171661377,1.0701203346252441,1.7780652046203613
7.829999923706055,1.0701203346252441,1.7771841287612915
7.840000152587891,1.0701203346252441,1.772598385810852
7.849999904632568,1.0701203346252441,1.7709078788757324
7.860000133514404,1.0701203346252441,1.771647334098816
7.869999885559082,1.0701203346252441,1.772642970085144
7.880000114440918,1.0701203346252441,1.7760043144226074
7.889999866485596,1.0701203346252441,1.775431752204895
7.900000095367432,1.0701203346252441,1.7770332098007202
7.909999847412109,1.0701203346252441,1.7768158912658691
7.920000076293945,1.0701203346252441,1.7773783206939697
7.929999828338623,1.0701203346252441,1.7772754430770874
7.940000057220459,1.0701203346252441,1.7777290344238281
7.949999809265137,1.0701203346252441,1.7755980491638184
7.960000038146973,1.0701203346252441,1.7746769189834595
7.96999979019165,1.0701203346252441,1.7772812843322754
7.980000019073486,1.0701203346252441,1.7777290344238281
7.989999771118164,1.0701203346252441,1.7777290344238281
8,1.0701203346252441,1.7777290344238281
8.010000228881836,1.0701203346252441,1.778092861175537
8.020000457763672,1.0702149868011475,1.7781695127487183
8.029999732971191,1.0702866315841675,1.7736937999725342
8.039999961853027,1.0701203346252441,1.7707059383392334
8.050000190734863,1.0701203346252441,1.775112271308899
8.0600004196167,1.0702205896377563,1.7777290344238281
8.069999694824219,1.0702810287475586,1.7777290344238281
8.079999923706055,1.0701203346252441,1.7773549556732178
8.09000015258789,1.0701203346252441,1.7731672525405884
8.100000381469727,1.0701203346252441,1.771880865097046
8.109999656677246,1.0702277421951294,1.77341890335083
8.119999885559082,1.0702738761901855,1.7743217945098877
8.130000114440918,1.0701203346252441,1.7735334634780884
8.140000343322754,1.0701203346252441,1.771161675453186
8.149999618530273,1.0701203346252441,1.7713936567306519
8.15999984741211,1.0701203346252441,1.7688645124435425
8.170000076293945,1.0701203346252441,1.7731242179870605
8.180000305175781,1.0701203346252441,1.7777290344238281
8.1899995803833,1.0701203346252441,1.7734371423721313
8.199999809265137,1.0701203346252441,1.773172378540039
8.210000038146973,1.0701203346252441,1.778122067451477
8.220000267028809,1.0701203346252441,1.7781403064727783
8.229999542236328,1.0701203346252441,1.773373007774353
8.239999771118164,1.0701203346252441,1.7736340761184692
8.25,1.0701203346252441,1.7781360149383545
8.260000228881836,1.0701203346252441,1.7765278816223145
8.270000457763672,1.0701203346252441,1.7765169143676758
8.279999732971191,1.0703812837600708,1.7732927799224854
8.289999961853027,1.0701203346252441,1.7688645124435425
8.300000190734863,1.0701203346252441,1.7688645124435425
8.3100004196167,1.0701203346252441,1.7688645124435425
8.319999694824219,1.0701203346252441,1.7737740278244019
8.329999923706055,1.0701203346252441,1.773607850074768
8.34000015258789,1.0702604055404663,1.7688645124435425
8.350000381469727,1.0702412128448486,1.773413062095642
8.359999656677246,1.0701203346252441,1.7777290344238281
8.369999885559082,1.0701203346252441,1.776063323020935
8.380000114440918,1.0701203346252441,1.776594877243042
8.390000343322754,1.0701203346252441,1.7781155109405518
8.399999618530273,1.0701203346252441,1.7768874168395996
8.40999984741211,1.0701203346252441,1.7723169326782227
8.420000076293945,1.0701203346252441,1.773525357246399
8.430000305175781,1.0701203346252441,1.7781542539596558
8.4399995803833,1.0701203346252441,1.7785348892211914
8.449999809265137,1.0701203346252441,1.7781068086624146
8.460000038146973,1.0701203346252441,1.7730039358139038
8.470000267028809,1.0701203346252441,1.7710195779800415
8.479999542236328,1.0701203346252441,1.7707314491271973
8.489999771118164,1.0701203346252441,1.7723358869552612
8.5,1.0701203346252441,1.7761821746826172
8.510000228881836,1.0701203346252441,1.7769231796264648
8.520000457763672,1.0701203346252441,1.7725400924682617
8.529999732971191,1.0702873468399048,1.7737019062042236
8.539999961853027,1.0702142715454102,1.7777290344238281
8.550000190734863,1.0703812837600708,1.7728595733642578
8.5600004196167,1.0701203346252441,1.7715293169021606
8.569999694824219,1.0701203346252441,1.7710261344909668
8.579999923706055,1.0701203346252441,1.7688645124435425
8.59000015258789,1.0701203346252441,1.773349642753601
8.600000381469727,1.0701203346252441,1.772423505783081
8.609999656677246,1.0705597400665283,1.771121621131897
8.619999885559082,1.0702029466629028,1.775611162185669
8.630000114440918,1.0703015327453613,1.775911569595337
8.640000343322754,1.0702000856399536,1.7749613523483276
8.649999618530273,1.0703043937683105,1.7766832113265991
8.65999984741211,1.0701972246170044,1.7777290344238281
8.670000076293945,1.0701203346252441,1.7726670503616333
8.680000305175781,1.0701203346252441,1.7711726427078247
8.6899995803833,1.0701203346252441,1.770578384399414
8.699999809265137,1.0703812837600708,1.7739746570587158
8.710000038146973,1.0701203346252441,1.7777290344238281
8.720000267028809,1.0701203346252441,1.7777290344238281
8.729999542236328,1.0701203346252441,1.7753843069076538
8.739999771118164,1.0701203346252441,1.776051640510559
8.75,1.0701203346252441,1.7777290344238281
8.760000228881836,1.0701203346252441,1.7748891115188599
8.770000457763672,1.0701203346252441,1.7757424116134644
8.779999732971191,1.0701203346252441,1.7767765522003174
8.789999961853027,1.0703243017196655,1.775639533996582
8.800000190734863,1.0701773166656494,1.776748776435852
8.8100004196167,1.0701203346252441,1.7777290344238281
8.819999694824219,1.0701203346252441,1.7724263668060303
8.829999923706055,1.0701203346252441,1.7717655897140503
8.84000015258789,1.070331335067749,1.7761245965957642
8.850000381469727,1.070170283317566,1.7777290344238281
8.859999656677246,1.0701203346252441,1.772362232208252
8.869999885559082,1.0701203346252441,1.7688645124435425
8.880000114440918,1.0701203346252441,1.7742635011672974
8.890000343322754,1.0703812837600708,1.7777290344238281
8.899999618530273,1.0701203346252441,1.7772352695465088
8.90999984741211,1.0701203346252441,1.7774183750152588
8.920000076293945,1.0701203346252441,1.7742525339126587
8.930000305175781,1.0701203346252441,1.7745784521102905
8.9399995803833,1.0703455209732056,1.7771164178848267
8.949999809265137,1.070417046546936,1.7777290344238281
8.960000038146973,1.0701203346252441,1.776221513748169
8.970000267028809,1.0701203346252441,1.7743034362792969
8.979999542236328,1.0701203346252441,1.7762266397476196
8.989999771118164,1.0701203346252441,1.7777290344238281
9,1.0701203346252441,1.7721376419067383
9.010000228881836,1.0701203346252441,1.7688645124435425
9.020000457763672,1.0701203346252441,1.7688645124435425
9.029999732971191,1.0701203346252441,1.7688645124435425
9.039999961853027,1.0701203346252441,1.7745201587677002
9.050000190734863,1.0701203346252441,1.7777290344238281
9.0600004196167,1.0701203346252441,1.7751437425613403
9.069999694824219,1.0701203346252441,1.776292324066162
9.079999923706055,1.0701203346252441,1.7782490253448486
9.09000015258789,1.0701203346252441,1.7780134677886963
9.100000381469727,1.0701203346252441,1.7751144170761108
9.109999656677246,1.0703812837600708,1.776321530342102
9.119999885559082,1.0701203346252441,1.7777290344238281
9.130000114440918,1.0701203346252441,1.7719290256500244
9.140000343322754,1.0701203346252441,1.7688645124435425
9.149999618530273,1.0701203346252441,1.774696707725525
9.15999984741211,1.0701203346252441,1.771880865097046
9.170000076293945,1.0701203346252441,1.774728775024414
9.180000305175781,1.0701203346252441,1.7777290344238281
9.1899995803833,1.0701203346252441,1.7771930694580078
9.199999809265137,1.0701203346252441,1.7779982089996338
9.210000038146973,1.0701203346252441,1.7779959440231323
9.220000267028809,1.0703812837600708,1.7717845439910889
9.229999542236328,1.0701203346252441,1.7688645124435425
9.239999771118164,1.0701203346252441,1.774841070175171
9.25,1.0701203346252441,1.7717365026474
9.260000228881836,1.0701203346252441,1.7732343673706055
9.270000457763672,1.0701203346252441,1.7769545316696167
9.279999732971191,1.070132851600647,1.7716883420944214
9.289999961853027,1.070368766784668,1.7749212980270386
9.300000190734863,1.0701203346252441,1.773864507675171
9.3100004196167,1.0701203346252441,1.7759627103805542
9.319999694824219,1.0701203346252441,1.7782840728759766
9.329999923706055,1.0701203346252441,1.7779784202575684
9.34000015258789,1.0701203346252441,1.7715920209884644
9.350000381469727,1.0701204538345337,1.7755769491195679
9.359999656677246,1.0701203346252441,1.7779741287231445
9.369999885559082,1.0703812837600708,1.777166724205017
9.380000114440918,1.0701203346252441,1.7746682167053223
9.390000343322754,1.0701203346252441,1.776525616645813
9.399999618530273,1.0701203346252441,1.7782957553863525
9.40999984741211,1.0701203346252441,1.7717175483703613
9.420000076293945,1.0701203346252441,1.775699496269226
9.430000305175781,1.0701203346252441,1.7756797075271606
9.4399995803833,1.0701203346252441,1.7704981565475464
9.449999809265137,1.0701203346252441,1.7751779556274414
9.460000038146973,1.0701203346252441,1.7760027647018433
9.470000267028809,1.0701203346252441,1.7753113508224487
9.479999542236328,1.0701203346252441,1.7770464420318604
9.489999771118164,1.0701203346252441,1.7777290344238281
9.5,1.0701203346252441,1.7713353633880615
9.510000228881836,1.0701203346252441,1.7688645124435425
9.520000457763672,1.0701203346252441,1.7752902507781982
9.529999732971191,1.0701203346252441,1.7777290344238281
9.539999961853027,1.0701203346252441,1.7783161401748657
9.550000190734863,1.0701203346252441,1.771472454071045
9.5600004196167,1.0701203346252441,1.7718144655227661
9.569999694824219,1.0701203346252441,1.7699365615844727
9.579999923706055,1.0701203346252441,1.772421956062317
9.59000015258789,1.0701203346252441,1.7766715288162231
9.600000381469727,1.0701203346252441,1.7711749076843262
9.609999656677246,1.0701203346252441,1.7760319709777832
9.619999885559082,1.0701203346252441,1.774942398071289
9.630000114440918,1.0703812837600708,1.776700735092163
9.640000343322754,1.0701203346252441,1.773517370223999
9.649999618530273,1.0701203346252441,1.776309847831726
9.65999984741211,1.0701203346252441,1.7710785865783691
9.670000076293945,1.0701203346252441,1.7755309343338013
9.680000305175781,1.0701203346252441,1.7777290344238281
9.6899995803833,1.0701203346252441,1.7716394662857056
9.699999809265137,1.0701203346252441,1.7757744789123535
9.710000038146973,1.0701203346252441,1.7777290344238281
9.720000267028809,1.0701203346252441,1.7709823846817017
9.729999542236328,1.0701967477798462,1.7756272554397583
9.739999771118164,1.0703048706054688,1.7777290344238281
9.75,1.0701203346252441,1.777111291885376
9.760000228881836,1.0701203346252441,1.7744464874267578
9.770000457763672,1.0701203346252441,1.774940848350525
9.779999732971191,1.0701203346252441,1.7771776914596558
9.789999961853027,1.0701203346252441,1.7708700895309448
9.800000190734863,1.0701203346252441,1.7763645648956299
9.8100004196167,1.0701203346252441,1.7785348892211914
9.819999694824219,1.0701203346252441,1.7709999084472656
9.829999923706055,1.0701203346252441,1.7757877111434937
9.84000015258789,1.0701203346252441,1.77583646774292
9.850000381469727,1.0701203346252441,1.7708853483200073
9.859999656677246,1.0701203346252441,1.776007890701294
9.869999885559082,1.0702166557312012,1.7777290344238281
9.880000114440918,1.0702849626541138,1.7770923376083374
9.890000343322754,1.0701203346252441,1.7775613069534302
9.899999618530273,1.0701203346252441,1.778368592262268
9.90999984741211,1.0701203346252441,1.7708423137664795
9.920000076293945,1.0701203346252441,1.7765746116638184
9.930000305175781,1.0701203346252441,1.7708073854446411
9.9399995803833,1.0701203346252441,1.7759641408920288
9.949999809265137,1.0701203346252441,1.7744945287704468
9.960000038146973,1.0701203346252441,1.7769414186477661
9.970000267028809,1.0701203346252441,1.7744799852371216
9.979999542236328,1.0701203346252441,1.775002121925354
9.989999771118164,1.0701203346252441,1.7700897455215454
10,1.0701203346252441,1.776714563369751
10.010000228881836,1.0701203346252441,1.7700116634368896
10.020000457763672,1.0701203346252441,1.7759437561035156
10.029999732971191,1.0702393054962158,1.7698264122009277
10.039999961853027,1.0702623128890991,1.775978684425354
10.050000190734863,1.0701203346252441,1.7704529762268066
10.0600004196167,1.0701203346252441,1.7688645124435425
10.069999694824219,1.0701203346252441,1.7688645124435425
10.079999923706055,1.0701203346252441,1.7728595733642578
10.09000015258789,1.0701203346252441,1.773032307624817
10.100000381469727,1.0701203346252441,1.7769063711166382
10.109999656677246,1.0701203346252441,1.771026849746704
10.119999885559082,1.0701203346252441,1.776387095451355
10.130000114440918,1.0701203346252441,1.7777290344238281
10.140000343322754,1.0701203346252441,1.770308494567871
10.149999618530273,1.0701203346252441,1.7749489545822144
10.15999984741211,1.0701203346252441,1.7740846872329712
10.170000076293945,1.0702592134475708,1.7757365703582764
10.180000305175781,1.0702424049377441,1.7781585454940796
10.1899995803833,1.0701203346252441,1.7785348892211914
10.199999809265137,1.0701203346252441,1.7703347206115723
10.210000038146973,1.0702649354934692,1.7770822048187256
10.220000267028809,1.0702368021011353,1.7771624326705933
10.229999542236328,1.0702677965164185,1.7769231796264648
10.239999771118164,1.070233941078186,1.777612328529358
10.25,1.0701203346252441,1.7770384550094604
10.260000228881836,1.0701203346252441,1.7776153087615967
10.270000457763672,1.0701203346252441,1.7777290344238281
10.279999732971191,1.070274829864502,1.777034044265747
10.289999961853027,1.070226788520813,1.7783161401748657
10.300000190734863,1.0702776908874512,1.7778369188308716
10.3100004196167,1.0702239274978638,1.770035743713379
10.319999694824219,1.0703812837600708,1.7688645124435425
10.329999923706055,1.0701203346252441,1.7772921323776245
10.34000015258789,1.0703812837600708,1.7700897455215454
10.350000381469727,1.0701203346252441,1.7730958461761475
10.359999656677246,1.0701203346252441,1.7772331237792969
10.369999885559082,1.0701203346252441,1.7784371376037598
10.380000114440918,1.0701203346252441,1.7778252363204956
10.390000343322754,1.0701203346252441,1.7777290344238281
10.399999618530273,1.0701203346252441,1.7777290344238281
10.40999984741211,1.0701203346252441,1.7698752880096436
10.420000076293945,1.0701203346252441,1.774587869644165
10.430000305175781,1.0701203346252441,1.7688593864440918
10.4399995803833,1.0701203346252441,1.7687770128250122
10.449999809265137,1.0701203346252441,1.7767823934555054
10.460000038146973,1.0701203346252441,1.7697950601577759
10.470000267028809,1.0701203346252441,1.7768144607543945
10.479999542236328,1.0701203346252441,1.7777290344238281
10.489999771118164,1.0701203346252441,1.7777290344238281
10.5,1.0701203346252441,1.7697309255599976
10.510000228881836,1.0701203346252441,1.7776072025299072
10.520000457763672,1.0701203346252441,1.7697746753692627
10.529999732971191,1.0701203346252441,1.7688645124435425
10.539999961853027,1.0701203346252441,1.776926875114441
10.550000190734863,1.0701203346252441,1.7777290344238281
10.5600004196167,1.0701203346252441,1.7696346044540405
10.569999694824219,1.0701203346252441,1.7688645124435425
10.579999923706055,1.0703173875808716,1.7769910097122192
10.59000015258789,1.0701842308044434,1.7740278244018555
10.600000381469727,1.0701203346252441,1.7774081230163574
10.609999656677246,1.0701203346252441,1.7695543766021729
10.619999885559082,1.0701203346252441,1.7688645124435425
10.630000114440918,1.0701203346252441,1.7733408212661743
10.640000343322754,1.0701203346252441,1.7774373292922974
10.649999618530273,1.0701203346252441,1.7777290344238281
10.65999984741211,1.0701203346252441,1.776978611946106
10.670000076293945,1.0703301429748535,1.7694041728973389
10.680000305175781,1.0701714754104614,1.7771514654159546
10.6899995803833,1.0701203346252441,1.7777290344238281
10.699999809265137,1.0701203346252441,1.7777290344238281
10.710000038146973,1.0701203346252441,1.776213526725769
10.720000267028809,1.0701203346252441,1.7692846059799194
10.729999542236328,1.0701203346252441,1.7772316932678223
10.739999771118164,1.0703812837600708,1.7739183902740479
10.75,1.0703812837600708,1.777517557144165
10.760000228881836,1.0701203346252441,1.7761988639831543
10.770000457763672,1.0701203346252441,1.777650237083435
10.779999732971191,1.0703457593917847,1.776961088180542
10.789999961853027,1.0703827142715454,1.7784619331359863
10.800000190734863,1.0701544284820557,1.7785348892211914
10.8100004196167,1.0701203346252441,1.7692670822143555
10.819999694824219,1.0701203346252441,1.7688645124435425
10.829999923706055,1.0701203346252441,1.7766169309616089
10.84000015258789,1.0701203346252441,1.7769231796264648
10.850000381469727,1.0701203346252441,1.769141674041748
10.859999656677246,1.0701203346252441,1.776660680770874
10.869999885559082,1.0701203346252441,1.7777042388916016
10.880000114440918,1.0701203346252441,1.7691211700439453
10.890000343322754,1.0703812837600708,1.777488350868225
10.899999618530273,1.0701203346252441,1.7738016843795776
10.90999984741211,1.0701203346252441,1.77842116355896
10.920000076293945,1.0701203346252441,1.777746558189392
10.930000305175781,1.0701203346252441,1.772990107536316
10.9399995803833,1.0703685283660889,1.7776415348052979
10.949999809265137,1.070133090019226,1.7690088748931885
10.960000038146973,1.0701203346252441,1.7688645124435425
10.970000267028809,1.0703727006912231,1.7760252952575684
10.979999542236328,1.0701289176940918,1.7737258672714233
10.989999771118164,1.0701203346252441,1.776893973350525
11,1.0701203346252441,1.7729229927062988
11.010000228881836,1.0701203346252441,1.7688864469528198
11.020000457763672,1.0701203346252441,1.776893973350525
11.029999732971191,1.0703812837600708,1.7688790559768677
